order_id,order_date,customer_id,product_id,product_category,quantity,unit_price,discount,payment_method,order_status
ORD-10000,2026-01-04,CUST-164,PROD-015,Beauty,2,1193.73,0.0,Bank Transfer,Completed
ORD-10001,2026-01-05,CUST-152,PROD-055,Electronics,1,1171.33,0.2,Bank Transfer,Completed
ORD-10002,2026-03-25,CUST-144,PROD-026,Fashion,4,1180.16,0.2,Credit Card,Completed
ORD-10003,2026-03-31,CUST-195,PROD-021,Sports,3,1461.57,0.05,Credit Card,Completed
ORD-10004,2026-01-13,CUST-024,PROD-049,Beauty,3,3058.26,0.0,Debit Card,Cancelled
ORD-10005,2026-01-11,CUST-032,PROD-049,Fashion,3,4164.08,0.2,Credit Card,Cancelled
ORD-10006,2026-01-09,CUST-050,PROD-091,Electronics,2,3888.03,0.0,Maya,Completed
ORD-10007,2026-02-28,CUST-098,PROD-036,Beauty,2,1913.89,0.05,Credit Card,Completed
ORD-10008,2026-01-22,CUST-156,PROD-082,Fashion,2,900.67,0.15,Credit Card,Cancelled
ORD-10009,2026-02-11,CUST-057,PROD-088,Electronics,2,4126.83,0.1,Debit Card,Completed
ORD-10010,2026-03-14,CUST-017,PROD-028,Beauty,2,3311.65,0.15,Debit Card,Completed
ORD-10011,2026-02-01,CUST-068,PROD-018,Fashion,5,1387.43,0.2,Debit Card,Cancelled
ORD-10012,2026-01-29,CUST-103,PROD-047,Home,5,2518.23,0.0,GCash,Completed
ORD-10013,2026-03-29,CUST-161,PROD-021,Sports,5,411.29,0.15,Bank Transfer,Pending
ORD-10014,2026-03-12,CUST-136,PROD-033,Electronics,1,3440.38,0.2,Credit Card,Completed
ORD-10015,2026-02-25,CUST-029,PROD-038,Home,4,115.9,0.1,Bank Transfer,Completed
ORD-10016,2026-03-22,CUST-130,PROD-014,Beauty,5,3083.95,0.05,Credit Card,Completed
ORD-10017,2026-03-09,CUST-139,PROD-100,Electronics,5,1688.36,0.0,GCash,Completed
ORD-10018,2026-01-31,CUST-225,PROD-040,Electronics,2,4402.25,0.0,GCash,Pending
ORD-10019,2026-03-10,CUST-209,PROD-009,Home,2,3332.78,0.2,Maya,Completed
ORD-10020,2026-02-24,CUST-136,PROD-078,Home,5,3800.8,0.05,Credit Card,Pending
ORD-10021,2026-02-17,CUST-172,PROD-084,Sports,5,2312.28,0.05,Maya,Completed
ORD-10022,2026-03-17,CUST-087,PROD-003,Fashion,2,2983.36,0.0,GCash,Completed
ORD-10023,2026-01-05,CUST-059,PROD-009,Beauty,1,2619.36,0.1,Debit Card,Completed
ORD-10024,2026-03-15,CUST-139,PROD-017,Fashion,4,1290.69,0.15,Debit Card,Completed
ORD-10025,2026-03-26,CUST-025,PROD-013,Sports,3,2175.54,0.15,gcash,Completed
ORD-10026,2026-02-13,CUST-016,PROD-052,Electronics,2,1038.79,0.2,Debit Card,Completed
ORD-10027,2026-02-05,CUST-109,PROD-024,Sports,2,4384.98,0.0,Debit Card,Cancelled
ORD-10028,2026-03-25,CUST-026,PROD-007,Fashion,1,4848.08,0.05,Maya,Pending
ORD-10029,2026-01-28,CUST-125,PROD-062,Sports,1,906.72,0.0,Debit Card,Completed
ORD-10030,2026-02-06,CUST-238,PROD-059,Sports,5,3343.17,0.15,Maya,Completed
ORD-10031,2026-01-08,CUST-076,PROD-028,Fashion,5,398.69,0.1,GCash,Completed
ORD-10032,2026-03-06,CUST-150,PROD-062,Fashion,2,378.71,0.2,GCash,Completed
ORD-10033,2026-01-09,CUST-018,PROD-077,Home,4,687.44,0.2,Maya,Cancelled
ORD-10034,2026-03-21,CUST-153,PROD-006,Electronics,4,3321.13,0.2,Bank Transfer,Completed
ORD-10035,2026-01-27,CUST-240,PROD-034,Beauty,2,1401.51,0.05,Credit Card,Pending
ORD-10036,2026-01-10,CUST-081,PROD-097,Electronics,4,3143.68,0.2,GCash,Completed
ORD-10037,2026-03-06,CUST-138,PROD-028,Beauty,2,4672.97,0.0,Maya,Completed
ORD-10038,2026-02-26,CUST-073,PROD-021,Fashion,3,3097.22,0.2,GCash,Cancelled
ORD-10039,2026-01-14,CUST-077,PROD-085,Home,3,665.6,0.0,Bank Transfer,Completed
ORD-10040,2026-03-19,CUST-070,PROD-037,Home,3,1097.63,0.1,Bank Transfer,Pending
ORD-10041,2026-01-12,CUST-065,PROD-007,Sports,3,316.03,0.1,Maya,Completed
ORD-10042,2026-02-26,CUST-042,PROD-095,Fashion,4,2848.44,0.0,GCash,Completed
ORD-10043,2026-02-17,CUST-140,PROD-005,Fashion,5,825.66,0.05,GCash,Completed
ORD-10044,2026-02-15,CUST-094,PROD-006,Home,2,3367.97,0.1,Bank Transfer,Pending
ORD-10045,2026-01-20,CUST-250,PROD-080,Home,2,4883.41,0.05,Debit Card,Completed
ORD-10046,2026-02-12,CUST-046,PROD-095,Sports,2,1407.35,0.0,Debit Card,Completed
ORD-10047,2026-01-29,CUST-220,PROD-061,Home,4,1813.33,0.05,Maya,Completed
ORD-10048,2026-02-21,CUST-169,PROD-025,Beauty,3,4335.33,0.1,Credit Card,Cancelled
ORD-10049,2026-03-10,CUST-103,PROD-087,Beauty,1,665.17,0.1,Maya,Cancelled
ORD-10050,2026-01-05,CUST-247,PROD-034,Electronics,5,2229.36,0.1,Debit Card,Cancelled
ORD-10051,2026-02-19,CUST-131,PROD-015,Fashion,2,1348.14,0.15,GCash,Cancelled
ORD-10052,2026-03-29,CUST-237,PROD-069,Home,3,2213.36,0.1,Bank Transfer,Completed
ORD-10053,2026-02-08,CUST-170,PROD-016,Fashion,3,3367.78,0.1,Debit Card,Completed
ORD-10054,2026-01-25,CUST-142,PROD-017,Sports,4,3418.86,0.05,Bank Transfer,Cancelled
ORD-10055,2026-03-12,CUST-078,PROD-052,Electronics,3,1505.88,0.15,Bank Transfer,Cancelled
ORD-10056,2026-03-01,CUST-168,PROD-042,Sports,4,3410.57,0.2,Debit Card,Completed
ORD-10057,2026-02-06,CUST-169,PROD-011,Fashion,5,1742.42,0.05,Credit Card,Completed
ORD-10058,2026-01-19,CUST-207,PROD-026,Electronics,1,1299.73,0.15,Bank Transfer,Completed
ORD-10059,2026-03-22,CUST-117,PROD-054,Fashion,2,3619.89,0.15,Debit Card,Pending
ORD-10060,2026-03-25,CUST-063,PROD-019,Electronics,1,3914.26,0.05,Maya,Cancelled
ORD-10061,2026-03-13,CUST-119,PROD-007,Home,1,2336.66,0.15,Bank Transfer,Cancelled
ORD-10062,2026-02-26,CUST-153,PROD-041,Fashion,5,2191.03,0.2,Debit Card,Completed
ORD-10063,2026-02-27,CUST-191,PROD-061,Beauty,2,4215.33,0.1,Bank Transfer,Pending
ORD-10064,2026-02-05,CUST-161,PROD-031,Sports,1,3596.37,0.05,Credit Card,Completed
ORD-10065,2026-01-11,CUST-082,PROD-070,Home,2,1233.18,0.05,Maya,Completed
ORD-10066,2026-02-12,CUST-107,PROD-053,Fashion,4,2137.29,0.05,Debit Card,Pending
ORD-10067,2026-03-16,CUST-232,PROD-099,Electronics,5,1963.87,0.0,Credit Card,Completed
ORD-10068,2026-02-23,CUST-193,PROD-050,Fashion,5,4019.35,0.05,Debit Card,Completed
ORD-10069,2026-03-04,CUST-070,PROD-056,Electronics,4,1747.03,0.15,Maya,Pending
ORD-10070,2026-03-21,CUST-236,PROD-017,fashion,1,4543.95,0.2,Bank Transfer,Completed
ORD-10071,2026-02-24,CUST-022,PROD-083,Home,4,990.47,0.1,Debit Card,Completed
ORD-10072,2026-02-11,CUST-055,PROD-059,Beauty,4,1463.46,0.15,Credit Card,Completed
ORD-10073,2026-03-11,CUST-121,PROD-003,Electronics,3,1198.69,0.0,GCash,Completed
ORD-10074,2026-01-26,CUST-244,PROD-032,Electronics,5,846.67,0.05,Debit Card,Completed
ORD-10075,2026-03-01,CUST-145,PROD-028,Beauty,3,922.17,0.2,GCash,Completed
ORD-10076,2026-01-14,,PROD-040,Fashion,1,4651.55,0.2,Debit Card,Pending
ORD-10077,2026-01-26,CUST-242,PROD-092,Electronics,5,3484.01,0.05,GCash,Completed
ORD-10078,2026-03-18,CUST-218,PROD-088,Electronics,5,3934.91,0.1,Bank Transfer,Pending
ORD-10079,2026-01-09,CUST-170,PROD-048,Fashion,3,162.0,0.15,Debit Card,Completed
ORD-10080,2026-03-23,CUST-111,PROD-047,Sports,2,2233.89,0.2,Credit Card,Cancelled
ORD-10081,2026-03-03,CUST-207,PROD-069,Sports,4,4146.1,0.2,Credit Card,Completed
ORD-10082,2026-01-12,CUST-219,PROD-032,Beauty,4,1294.93,0.15,Bank Transfer,Cancelled
ORD-10083,2026-02-13,CUST-172,PROD-049,Electronics,4,4269.67,0.05,Debit Card,Completed
ORD-10084,2026-02-13,CUST-091,PROD-034,Beauty,5,3535.8,0.1,Bank Transfer,Completed
ORD-10085,2026-01-11,CUST-133,PROD-025,Home,4,2494.03,0.05,Debit Card,Pending
ORD-10086,2026-01-12,CUST-115,PROD-003,Beauty,2,2081.57,0.05,Credit Card,Cancelled
ORD-10087,2026-03-12,CUST-095,PROD-061,Fashion,3,2184.97,0.2,Credit Card,Completed
ORD-10088,2026-02-04,CUST-180,PROD-059,Beauty,3,1229.64,0.05,Credit Card,Completed
ORD-10089,2026-03-30,CUST-191,PROD-069,Home,2,1160.28,0.15,Credit Card,Cancelled
ORD-10090,2026-03-18,CUST-195,PROD-068,Beauty,1,4179.88,0.1,Maya,Completed
ORD-10091,2026-01-02,CUST-046,PROD-039,Fashion,2,1444.13,0.0,Bank Transfer,Completed
ORD-10092,2026-03-23,CUST-179,PROD-017,Sports,1,4376.33,0.2,Credit Card,Pending
ORD-10093,2026-02-13,CUST-123,PROD-057,Home,1,,0.15,GCash,Completed
ORD-10094,2026-01-10,CUST-103,PROD-063,Fashion,1,843.46,0.2,Credit Card,Completed
ORD-10095,2026-03-13,CUST-064,PROD-016,Sports,5,3021.02,0.2,Maya,Cancelled
ORD-10096,2026-02-26,CUST-098,PROD-058,Beauty,5,4951.15,0.1,Bank Transfer,Cancelled
ORD-10097,2026-01-13,CUST-016,PROD-079,Home,2,1396.77,0.0,Maya,Completed
ORD-10098,2026-01-10,CUST-045,PROD-071,Home,1,2101.74,0.2,Debit Card,Completed
ORD-10099,2026-02-06,CUST-009,PROD-030,Beauty,4,448.78,0.05,Credit Card,Cancelled
ORD-10100,2026-02-24,CUST-170,PROD-026,Electronics,5,,0.05,Credit Card,Completed
ORD-10101,2026-01-22,CUST-019,PROD-008,Beauty,5,3769.89,0.2,Credit Card,Pending
ORD-10102,2026-03-30,CUST-032,PROD-060,Beauty,4,4719.11,0.2,Bank Transfer,Pending
ORD-10103,2026-03-18,CUST-113,PROD-011,Electronics,4,3699.22,0.2,Credit Card,Completed
ORD-10104,2026-03-28,CUST-024,PROD-030,Fashion,5,4758.85,0.1,Bank Transfer,Completed
ORD-10105,2026-01-23,CUST-196,PROD-097,sports,5,3292.4,0.1,Maya,Cancelled
ORD-10106,2026-03-04,CUST-112,PROD-082,Electronics,4,1805.01,0.1,Credit Card,Completed
ORD-10107,2026-02-12,CUST-220,PROD-021,Sports,4,1512.27,0.15,Bank Transfer,Completed
ORD-10108,2026-02-10,CUST-117,PROD-012,Beauty,3,668.02,0.15,Bank Transfer,Completed
ORD-10109,2026-03-01,CUST-169,PROD-070,Sports,1,1019.15,0.1,Bank Transfer,Pending
ORD-10110,2026-01-07,CUST-161,PROD-057,Home,3,2791.18,0.1,Debit Card,Pending
ORD-10111,2026-03-22,CUST-032,PROD-004,Fashion,2,3577.94,0.1,Bank Transfer,Completed
ORD-10112,2026-01-12,CUST-142,PROD-053,Home,1,2361.09,0.0,Maya,Pending
ORD-10113,2026-02-07,CUST-239,PROD-092,Fashion,3,2135.9,0.15,Debit Card,Completed
ORD-10114,2026-01-19,CUST-117,PROD-071,Sports,2,4617.15,0.2,Maya,Completed
ORD-10115,2026-02-23,CUST-071,PROD-099,Beauty,5,1409.15,0.0,Credit Card,Completed
ORD-10116,2026-03-16,CUST-215,PROD-076,Sports,2,2288.08,0.15,Credit Card,Completed
ORD-10117,2026-03-11,CUST-142,PROD-098,Sports,4,4670.98,0.05,Maya,Cancelled
ORD-10118,2026-02-22,CUST-099,PROD-030,Electronics,3,3749.06,0.15,Debit Card,Completed
ORD-10119,2026-01-17,CUST-127,PROD-005,Fashion,5,1726.77,0.0,Debit Card,Completed
ORD-10120,2026-01-02,CUST-135,PROD-059,Home,4,4367.57,0.05,GCash,Pending
ORD-10121,2026-02-13,CUST-201,PROD-034,Fashion,4,3284.2,0.1,Bank Transfer,Pending
ORD-10122,2026-03-22,CUST-245,PROD-041,Sports,5,275.91,0.0,Maya,Completed
ORD-10123,2026-01-12,CUST-059,PROD-096,Sports,1,3825.81,0.0,Debit Card,Completed
ORD-10124,2026-01-04,CUST-178,PROD-039,Electronics,3,4001.1,0.1,Credit Card,Completed
ORD-10125,2026-02-01,CUST-111,PROD-019,Fashion,4,2873.05,0.05,Maya,Completed
ORD-10126,2026-02-18,CUST-021,PROD-079,Fashion,2,2538.57,0.2,Maya,Completed
ORD-10127,2026-02-02,CUST-119,PROD-082,Sports,3,3367.52,0.15,Credit Card,Cancelled
ORD-10128,2026-02-26,CUST-041,PROD-010,Beauty,5,1565.86,0.15,Credit Card,Pending
ORD-10129,2026-01-26,CUST-217,PROD-039,Sports,4,622.6,0.15,Bank Transfer,Completed
ORD-10130,2026-03-31,CUST-148,PROD-038,Beauty,1,4891.93,0.15,Credit Card,Completed
ORD-10131,2026-01-07,CUST-145,PROD-088,Fashion,4,4180.91,0.1,Maya,Cancelled
ORD-10132,2026-01-29,CUST-206,PROD-046,Home,5,1328.07,0.05,GCash,Completed
ORD-10133,2026-01-05,CUST-080,PROD-057,Fashion,3,3688.56,0.0,Credit Card,Completed
ORD-10134,2026-01-23,CUST-192,PROD-054,Home,2,3953.91,0.1,Bank Transfer,Cancelled
ORD-10135,2026-01-22,CUST-234,PROD-035,Beauty,4,4840.18,0.1,Credit Card,Completed
ORD-10136,2026-01-19,,PROD-010,Home,4,4839.62,0.2,Credit Card,Completed
ORD-10137,2026-01-02,CUST-203,PROD-051,Beauty,5,705.58,0.1,Credit Card,Cancelled
ORD-10138,2026-02-17,CUST-098,PROD-082,Electronics,2,2410.24,0.2,Bank Transfer,Completed
ORD-10139,2026-01-29,CUST-235,PROD-079,Electronics,4,4556.0,0.1,Debit Card,Completed
ORD-10140,2026-01-05,CUST-036,PROD-006,Beauty,4,668.99,0.05,Bank Transfer,Completed
ORD-10141,2026-02-17,CUST-100,PROD-059,Fashion,4,2977.97,0.05,Debit Card,Completed
ORD-10142,2026-03-20,CUST-214,PROD-063,Sports,3,260.31,0.1,Maya,Pending
ORD-10143,2026-02-16,CUST-114,PROD-031,Electronics,3,2767.88,0.1,GCash,Pending
ORD-10144,2026-01-16,CUST-071,PROD-025,Sports,1,3347.57,0.2,GCash,Completed
ORD-10145,2026-02-01,CUST-202,PROD-043,Home,5,1105.51,0.2,Maya,Cancelled
ORD-10146,2026-02-12,CUST-056,PROD-030,Home,5,113.89,0.05,Maya,Cancelled
ORD-10147,2026-01-15,CUST-065,PROD-023,Electronics,2,172.82,0.05,Bank Transfer,Completed
ORD-10148,2026-02-03,CUST-005,PROD-023,Electronics,2,3734.42,0.2,gcash,Completed
ORD-10149,2026-02-16,CUST-122,PROD-058,Fashion,5,634.36,0.2,Maya,Cancelled
ORD-10150,2026-03-26,CUST-012,PROD-094,Fashion,3,2344.41,0.0,GCash,Pending
ORD-10151,2026-02-24,CUST-217,PROD-052,Electronics,4,3590.77,0.15,GCash,Completed
ORD-10152,2026-01-19,CUST-083,PROD-078,Electronics,2,1447.58,0.2,Bank Transfer,Completed
ORD-10153,2026-03-09,CUST-098,PROD-077,Beauty,4,2577.2,0.15,GCash,Completed
ORD-10154,2026-03-25,CUST-219,PROD-084,Fashion,2,2207.34,0.05,Debit Card,Completed
ORD-10155,2026-02-21,CUST-212,PROD-059,Sports,1,1631.49,0.1,Credit Card,Completed
ORD-10156,2026-03-29,CUST-245,PROD-020,Sports,1,547.0,0.0,GCash,Pending
ORD-10157,2026-02-17,CUST-025,PROD-096,Home,5,393.91,0.2,Bank Transfer,Completed
ORD-10158,2026-02-22,CUST-172,PROD-016,Beauty,4,4353.65,0.0,Credit Card,Cancelled
ORD-10159,2026-01-14,CUST-080,PROD-046,Fashion,5,1142.42,0.15,Maya,Completed
ORD-10160,2026-02-17,CUST-090,PROD-072,Electronics,3,2913.09,0.15,Bank Transfer,Cancelled
ORD-10161,2026-03-24,CUST-158,PROD-087,Fashion,1,3084.08,0.1,GCash,Completed
ORD-10162,2026-02-09,CUST-070,PROD-090,Beauty,3,129.92,0.05,Bank Transfer,Pending
ORD-10163,2026-03-23,CUST-018,PROD-019,Electronics,1,3755.95,0.05,Debit Card,Pending
ORD-10164,2026-01-21,CUST-117,PROD-044,Beauty,3,3635.82,0.2,Bank Transfer,Completed
ORD-10165,2026-01-20,CUST-227,PROD-007,Home,5,343.84,0.0,Credit Card,Pending
ORD-10166,2026-03-04,CUST-170,PROD-055,Fashion,4,2129.5,0.05,Bank Transfer,Completed
ORD-10167,2026-01-15,CUST-089,PROD-056,Beauty,5,2484.5,0.1,GCash,Completed
ORD-10168,2026-01-08,CUST-102,PROD-077,Electronics,2,1576.95,0.05,Maya,Completed
ORD-10169,2026-01-16,CUST-075,PROD-042,Electronics,4,3760.37,0.05,Maya,Pending
ORD-10170,2026-01-30,CUST-137,PROD-091,Fashion,5,4183.44,0.1,GCash,Pending
ORD-10171,2026-01-06,CUST-221,PROD-095,Sports,1,2352.8,0.0,Credit Card,Cancelled
ORD-10172,2026-02-21,CUST-110,PROD-074,Sports,3,664.35,0.0,Credit Card,Completed
ORD-10173,2026-02-28,CUST-206,PROD-080,Beauty,1,2239.89,0.0,Maya,Pending
ORD-10174,2026-03-09,CUST-151,PROD-052,Electronics,4,4365.57,0.1,Maya,Completed
ORD-10175,2026-01-10,CUST-200,PROD-022,Fashion,1,2699.96,0.05,Credit Card,Completed
ORD-10176,2026-01-19,CUST-187,PROD-083,Home,1,817.58,0.05,Maya,Cancelled
ORD-10177,2026-03-25,CUST-040,PROD-098,Electronics,2,4761.33,0.15,Debit Card,Cancelled
ORD-10178,2026-02-27,CUST-195,PROD-075,Fashion,5,1683.72,0.1,Maya,Pending
ORD-10179,2026-02-26,CUST-018,PROD-061,Beauty,3,2997.96,0.1,Bank Transfer,Completed
ORD-10180,2026-02-27,CUST-080,PROD-060,Electronics,1,1906.81,0.1,GCash,Completed
ORD-10181,2026-03-06,CUST-158,PROD-077,Sports,4,2943.61,0.0,Debit Card,Cancelled
ORD-10182,2026-02-11,CUST-167,PROD-025,Fashion,4,2556.7,0.0,Debit Card,Completed
ORD-10183,2026-01-11,CUST-208,PROD-044,Fashion,2,291.8,0.15,Debit Card,Cancelled
ORD-10184,2026-01-21,CUST-134,PROD-079,Beauty,3,4597.89,0.15,Debit Card,Completed
ORD-10185,2026-01-07,CUST-174,PROD-077,Beauty,1,1715.48,0.2,Debit Card,Completed
ORD-10186,2026-03-26,CUST-065,PROD-093,Fashion,2,1733.47,0.2,Maya,Completed
ORD-10187,2026-03-31,CUST-080,PROD-084,Sports,2,3015.7,0.0,Credit Card,Cancelled
ORD-10188,2026-02-12,CUST-097,PROD-083,Home,5,557.92,0.15,Bank Transfer,Completed
ORD-10189,2026-02-09,CUST-005,PROD-047,Home,2,1774.49,0.15,Maya,Completed
ORD-10190,2026-01-10,CUST-036,PROD-020,Beauty,1,2587.68,0.2,Bank Transfer,Completed
ORD-10191,2026-03-21,CUST-170,PROD-044,Home,5,1945.93,0.05,Maya,Cancelled
ORD-10192,2026-02-26,CUST-208,PROD-022,Electronics,4,1885.07,0.05,Debit Card,Cancelled
ORD-10193,2026-02-27,CUST-073,PROD-097,Home,5,1271.93,0.15,Maya,Completed
ORD-10194,2026-02-26,CUST-174,PROD-074,Sports,3,3912.81,0.2,Bank Transfer,Pending
ORD-10195,2026-01-26,CUST-248,PROD-021,Fashion,2,4377.71,0.0,Debit Card,Completed
ORD-10196,2026-03-08,CUST-142,PROD-014,electronics,3,510.99,0.05,Credit Card,Pending
ORD-10197,2026-01-19,CUST-232,PROD-066,Sports,1,4737.42,0.05,Debit Card,Completed
ORD-10198,2026-02-23,CUST-239,PROD-004,Electronics,4,2559.83,0.05,Debit Card,Completed
ORD-10199,2026-01-04,CUST-096,PROD-029,Beauty,1,4211.96,0.1,Maya,Completed
ORD-10200,2026-03-02,CUST-010,PROD-037,Home,4,2298.15,0.0,GCash,Completed
ORD-10201,2026-01-20,CUST-066,PROD-028,Fashion,5,2686.08,0.0,Credit Card,Completed
ORD-10202,2026-01-07,CUST-078,PROD-016,Home,4,3230.86,0.2,Debit Card,Completed
ORD-10203,2026-03-18,CUST-029,PROD-064,Fashion,1,3196.58,0.2,Maya,Completed
ORD-10204,2026-01-01,CUST-075,PROD-055,Fashion,3,1278.76,0.15,Maya,Completed
ORD-10205,2026-01-09,CUST-135,PROD-047,Fashion,5,2585.91,0.2,Bank Transfer,Completed
ORD-10206,2026-01-06,CUST-100,PROD-061,Sports,3,1342.89,0.0,Credit Card,Completed
ORD-10207,2026-03-26,CUST-089,PROD-031,Electronics,5,3702.42,0.1,Maya,Completed
ORD-10208,2026-02-13,CUST-091,PROD-070,Home,4,4906.01,0.15,Maya,Completed
ORD-10209,2026-02-28,CUST-017,PROD-092,Electronics,0,1087.8,0.05,GCash,Completed
ORD-10210,2026-03-07,CUST-239,PROD-040,Sports,5,2419.66,0.0,Maya,Completed
ORD-10211,2026-01-07,CUST-092,PROD-100,beauty,3,709.93,0.1,Debit Card,Pending
ORD-10212,2026-02-19,CUST-191,PROD-057,Beauty,2,2531.4,0.15,Credit Card,Cancelled
ORD-10213,2026-02-24,CUST-069,PROD-011,Electronics,4,3052.02,0.05,Bank Transfer,Completed
ORD-10214,2026-01-11,CUST-083,PROD-014,Beauty,3,1601.83,0.2,Debit Card,Completed
ORD-10215,2026-02-14,CUST-177,PROD-057,Sports,1,3661.39,0.1,Bank Transfer,Pending
ORD-10216,2026-01-08,CUST-071,PROD-082,Electronics,4,1880.22,0.05,GCash,Completed
ORD-10217,2026-03-28,CUST-218,PROD-078,Sports,1,718.53,0.05,Credit Card,Completed
ORD-10218,2026-01-05,CUST-099,PROD-073,Fashion,2,3427.4,0.1,Credit Card,Pending
ORD-10219,2026-03-15,CUST-196,PROD-010,Home,5,1898.05,0.1,Credit Card,Completed
ORD-10220,2026-01-04,CUST-246,PROD-015,Home,4,2636.95,0.2,GCash,Completed
ORD-10221,2026-02-27,CUST-199,PROD-034,Home,5,1499.33,0.15,Maya,Completed
ORD-10222,2026-02-27,CUST-035,PROD-010,Home,4,4986.59,0.1,Credit Card,Completed
ORD-10223,2026-02-07,CUST-141,PROD-070,Beauty,2,3587.86,0.05,Credit Card,Cancelled
ORD-10224,2026-01-26,CUST-058,PROD-016,Home,2,3972.83,0.0,Credit Card,Cancelled
ORD-10225,2026-03-01,CUST-147,PROD-048,Fashion,2,3098.55,0.0,GCash,Completed
ORD-10226,2026-03-03,CUST-102,PROD-092,Fashion,4,3868.91,0.2,GCash,Completed
ORD-10227,2026-03-24,CUST-249,PROD-041,Electronics,4,2382.58,0.2,Credit Card,Completed
ORD-10228,2026-03-12,CUST-225,PROD-100,Fashion,2,3862.13,0.05,Debit Card,Cancelled
ORD-10229,2026-01-16,CUST-234,PROD-008,Fashion,2,1590.21,0.05,Credit Card,Completed
ORD-10230,2026-02-06,CUST-089,PROD-067,Electronics,3,1061.88,0.2,Credit Card,Completed
ORD-10231,2026-03-20,CUST-161,PROD-039,Fashion,1,2562.61,0.05,Bank Transfer,Cancelled
ORD-10232,2026-03-26,CUST-040,PROD-022,Fashion,5,1754.34,0.2,GCash,Completed
ORD-10233,2026-03-24,CUST-021,PROD-006,Fashion,3,3290.54,0.2,Debit Card,Cancelled
ORD-10234,2026-03-05,CUST-164,PROD-004,Fashion,3,3245.35,0.1,Debit Card,Completed
ORD-10235,2026-02-21,CUST-207,PROD-088,Beauty,4,457.57,0.0,Maya,Pending
ORD-10236,2026-03-01,CUST-107,PROD-062,Home,3,3072.64,0.1,Credit Card,Completed
ORD-10237,2026-01-17,CUST-250,PROD-052,Beauty,5,2852.09,0.1,Maya,Pending
ORD-10238,2026-02-27,CUST-032,PROD-035,Home,2,574.38,0.1,Debit Card,Cancelled
ORD-10239,2026-01-21,CUST-108,PROD-032,Beauty,5,3633.53,0.05,Maya,Pending
ORD-10240,2026-03-05,CUST-132,PROD-060,Beauty,4,213.56,0.15,Bank Transfer,Pending
ORD-10241,2026-01-28,CUST-248,PROD-031,Fashion,3,338.42,0.1,Debit Card,Cancelled
ORD-10242,2026-03-28,CUST-226,PROD-084,Sports,3,2729.78,0.0,Debit Card,Completed
ORD-10243,2026-02-16,CUST-226,PROD-034,Sports,3,321.69,0.0,Bank Transfer,Cancelled
ORD-10244,2026-03-12,CUST-050,PROD-047,Beauty,1,1993.11,0.15,Bank Transfer,Completed
ORD-10245,2026-03-29,CUST-212,PROD-080,Fashion,1,730.45,0.0,Debit Card,Completed
ORD-10246,2026-03-13,CUST-204,PROD-044,Beauty,2,1075.38,0.2,Debit Card,Cancelled
ORD-10247,2026-01-05,CUST-011,PROD-006,Home,3,4039.43,0.2,Debit Card,Completed
ORD-10248,2026-01-18,CUST-156,PROD-066,Beauty,5,1660.8,0.15,Bank Transfer,Completed
ORD-10249,2026-03-06,CUST-152,PROD-044,Fashion,5,2500.25,0.2,Credit Card,Pending
ORD-10250,2026-02-17,CUST-209,PROD-003,Beauty,1,4901.5,0.2,Credit Card,Completed
ORD-10251,2026-02-03,CUST-153,PROD-061,Fashion,5,1214.96,0.0,Bank Transfer,Pending
ORD-10252,2026-03-22,CUST-044,PROD-068,Fashion,4,824.1,0.05,GCash,Cancelled
ORD-10253,2026-01-15,CUST-243,PROD-090,Home,1,2261.09,0.15,Maya,Pending
ORD-10254,2026-02-22,CUST-177,PROD-027,Fashion,5,4610.55,0.0,Maya,Cancelled
ORD-10255,2026-02-11,CUST-054,PROD-072,Sports,5,1946.44,0.05,Debit Card,Cancelled
ORD-10256,2026-02-15,CUST-088,PROD-070,Beauty,5,2472.48,0.05,Credit Card,Cancelled
ORD-10257,2026-02-08,CUST-077,PROD-029,Beauty,2,3482.18,0.15,Credit Card,Pending
ORD-10258,2026-02-05,CUST-090,PROD-072,Beauty,1,2910.04,0.2,Debit Card,Pending
ORD-10259,2026-01-19,CUST-210,PROD-045,Beauty,1,1509.39,0.0,Credit Card,Pending
ORD-10260,2026-03-03,CUST-168,PROD-033,Home,2,4156.96,0.1,Bank Transfer,Completed
ORD-10261,2026-03-20,CUST-036,PROD-014,Fashion,2,1288.04,0.2,Maya,Completed
ORD-10262,2026-02-22,CUST-014,PROD-013,Beauty,4,592.67,0.05,GCash,Cancelled
ORD-10263,2026-02-22,CUST-238,PROD-021,Sports,4,3287.64,0.1,Credit Card,Completed
ORD-10264,2026-01-12,CUST-166,PROD-008,Fashion,2,,0.0,Maya,Pending
ORD-10265,2026-01-05,CUST-226,PROD-023,Sports,4,1012.93,0.1,GCash,Completed
ORD-10266,2026-03-19,CUST-077,PROD-073,Electronics,3,1494.35,0.2,Bank Transfer,Pending
ORD-10267,2026-03-06,CUST-228,PROD-018,Sports,3,1044.78,0.0,Credit Card,Completed
ORD-10268,2026-03-24,CUST-188,PROD-059,Beauty,2,169.01,0.1,Credit Card,Cancelled
ORD-10269,2026-01-25,CUST-173,PROD-097,Home,5,4295.12,0.15,Debit Card,Cancelled
ORD-10270,2026-02-21,CUST-084,PROD-012,Electronics,2,4910.26,0.15,Credit Card,Completed
ORD-10271,2026-02-19,CUST-002,PROD-034,Home,4,3793.41,0.1,Credit Card,Cancelled
ORD-10272,2026-01-02,CUST-186,PROD-074,Beauty,3,3494.57,0.0,GCash,Pending
ORD-10273,2026-02-21,CUST-079,PROD-021,Fashion,3,3482.42,0.1,Credit Card,Cancelled
ORD-10274,2026-01-18,CUST-057,PROD-029,Sports,2,2329.4,0.2,Credit Card,Pending
ORD-10275,2026-03-02,CUST-180,PROD-071,Fashion,2,3833.11,0.2,GCash,Cancelled
ORD-10276,2026-02-16,CUST-115,PROD-068,Electronics,5,649.82,0.2,Bank Transfer,Completed
ORD-10277,2026-01-20,CUST-147,PROD-069,Home,3,4286.98,0.15,GCash,Completed
ORD-10278,2026-03-04,CUST-184,PROD-075,Electronics,5,2282.87,0.0,Debit Card,Completed
ORD-10279,2026-02-28,CUST-132,PROD-054,Fashion,1,2838.11,0.1,GCash,Pending
ORD-10280,2026-01-28,CUST-066,PROD-001,Fashion,1,321.92,0.1,GCash,Cancelled
ORD-10281,2026-03-02,CUST-016,PROD-009,Electronics,3,2103.45,0.05,Debit Card,Completed
ORD-10282,2026-02-27,CUST-229,PROD-049,Sports,4,493.22,0.2,Maya,Completed
ORD-10283,2026-03-10,CUST-031,PROD-023,Sports,5,724.0,0.05,GCash,Completed
ORD-10284,2026-03-28,CUST-077,PROD-060,Fashion,4,2706.47,0.05,Maya,Pending
ORD-10285,2026-02-05,CUST-089,PROD-020,Home,1,257.86,0.15,Bank Transfer,Completed
ORD-10286,2026-01-09,CUST-062,PROD-027,Electronics,5,264.52,0.2,GCash,Completed
ORD-10287,2026-02-21,CUST-190,PROD-006,Sports,2,2744.82,0.0,Maya,Cancelled
ORD-10288,2026-03-15,CUST-075,PROD-030,Beauty,5,3029.8,0.1,Maya,Completed
ORD-10289,2026-03-26,CUST-225,PROD-019,Fashion,2,2126.45,0.1,GCash,Cancelled
ORD-10290,2026-01-23,CUST-243,PROD-076,Sports,5,2528.54,0.1,Debit Card,Cancelled
ORD-10291,2026-02-23,CUST-082,PROD-090,Sports,2,1569.45,0.05,bank transfer,Pending
ORD-10292,2026-02-08,CUST-062,PROD-029,Home,4,4582.23,0.2,Debit Card,Pending
ORD-10293,2026-01-18,CUST-143,PROD-068,Sports,2,1349.48,0.1,GCash,Pending
ORD-10294,2026-01-12,CUST-217,PROD-048,Fashion,2,352.53,0.15,Bank Transfer,Cancelled
ORD-10295,2026-01-25,CUST-011,PROD-010,Fashion,5,1163.38,0.05,Credit Card,Completed
ORD-10296,2026-01-28,CUST-245,PROD-002,Home,1,3759.71,0.15,Maya,Cancelled
ORD-10297,2026-02-20,CUST-181,PROD-027,Home,5,1675.91,0.1,Debit Card,Pending
ORD-10298,2026-02-15,CUST-137,PROD-084,Beauty,3,1862.26,0.15,Debit Card,Completed
ORD-10299,2026-03-02,CUST-206,PROD-093,Beauty,2,1916.45,0.15,GCash,Cancelled
ORD-10300,2026-01-19,CUST-222,PROD-029,Electronics,3,2811.23,0.2,Bank Transfer,Pending
ORD-10301,2026-01-26,CUST-076,PROD-020,Beauty,2,1961.21,0.05,Debit Card,Cancelled
ORD-10302,2026-02-13,CUST-168,PROD-088,Beauty,4,4835.89,0.15,Debit Card,Completed
ORD-10303,2026-01-22,CUST-188,PROD-046,Home,5,2492.75,0.2,GCash,Cancelled
ORD-10304,2026-03-27,CUST-009,PROD-010,Electronics,1,2120.72,0.05,GCash,Completed
ORD-10305,2026-03-06,CUST-003,PROD-028,Sports,3,396.21,0.2,Debit Card,Pending
ORD-10306,2026-03-10,CUST-005,PROD-001,Fashion,4,158.07,0.2,Credit Card,Cancelled
ORD-10307,2026-03-06,CUST-074,PROD-003,Sports,2,624.38,0.0,Bank Transfer,Completed
ORD-10308,2026-03-21,CUST-062,PROD-025,Fashion,3,4094.55,0.1,Debit Card,Completed
ORD-10309,2026-02-28,CUST-096,PROD-052,Fashion,2,4952.14,0.05,Credit Card,Completed
ORD-10310,2026-01-05,CUST-168,PROD-084,Electronics,4,1958.39,0.2,Debit Card,Completed
ORD-10311,2026-03-31,CUST-164,PROD-002,Home,1,2549.31,0.15,Credit Card,Cancelled
ORD-10312,2026-03-09,CUST-220,PROD-013,Electronics,2,1135.94,0.2,Debit Card,Completed
ORD-10313,2026-03-29,CUST-012,PROD-010,Beauty,5,2861.2,0.0,Maya,Completed
ORD-10314,2026-03-17,CUST-005,PROD-027,Home,4,4651.49,0.1,Maya,Cancelled
ORD-10315,2026-02-19,CUST-062,PROD-073,Fashion,3,1980.85,0.05,GCash,Cancelled
ORD-10316,2026-01-07,CUST-191,PROD-045,Electronics,4,1237.51,0.0,Credit Card,Cancelled
ORD-10317,2026-03-18,CUST-197,PROD-079,Sports,3,245.17,0.1,Debit Card,Pending
ORD-10318,2026-03-12,CUST-059,PROD-046,Sports,4,1010.12,0.2,Debit Card,Completed
ORD-10319,2026-02-07,CUST-198,PROD-080,Home,1,501.99,0.05,Debit Card,Completed
ORD-10320,2026-02-10,CUST-190,PROD-050,Beauty,1,548.45,0.1,Debit Card,Completed
ORD-10321,2026-01-14,CUST-195,PROD-035,Home,1,1018.22,0.15,Bank Transfer,Cancelled
ORD-10322,2026-01-14,CUST-132,PROD-053,Electronics,1,1834.18,0.0,Bank Transfer,Cancelled
ORD-10323,2026-02-19,CUST-201,PROD-042,Electronics,3,2127.67,0.0,Bank Transfer,Completed
ORD-10324,2026-01-22,CUST-147,PROD-067,Sports,2,780.32,0.1,Credit Card,Pending
ORD-10325,2026-01-22,CUST-038,PROD-009,Sports,3,2163.4,0.15,GCash,Completed
ORD-10326,2026-03-22,CUST-065,PROD-032,Sports,5,3121.68,0.15,GCash,Completed
ORD-10327,2026-02-20,CUST-078,PROD-001,Beauty,5,1961.46,0.1,Debit Card,Completed
ORD-10328,2026-03-18,CUST-111,PROD-084,Home,3,1671.26,0.05,Debit Card,Completed
ORD-10329,2026-02-10,CUST-046,PROD-051,Beauty,4,4842.04,0.05,Credit Card,Pending
ORD-10330,2026-02-16,CUST-072,PROD-051,Electronics,5,1079.02,0.2,Maya,Cancelled
ORD-10331,2026-03-01,CUST-007,PROD-094,Home,4,4008.66,0.0,Debit Card,Pending
ORD-10332,2026-02-08,CUST-036,PROD-082,Home,3,3327.45,0.15,Debit Card,Completed
ORD-10333,2026-03-03,CUST-115,PROD-077,Fashion,4,2718.4,0.15,Bank Transfer,Completed
ORD-10334,2026-03-31,CUST-203,PROD-047,Fashion,5,3227.08,0.0,GCash,Completed
ORD-10335,2026-02-15,CUST-169,PROD-086,home,5,317.05,0.15,Credit Card,Pending
ORD-10336,2026-01-13,CUST-028,PROD-002,Beauty,2,2602.31,0.2,Bank Transfer,Cancelled
ORD-10337,2026-01-29,CUST-177,PROD-074,Sports,3,2016.56,0.2,Bank Transfer,Completed
ORD-10338,2026-03-03,CUST-089,PROD-004,Electronics,3,2138.28,0.0,GCash,Completed
ORD-10339,2026-02-13,CUST-090,PROD-040,Sports,2,2653.46,0.1,Debit Card,Completed
ORD-10340,2026-03-31,CUST-113,PROD-093,Sports,3,429.15,0.0,GCash,Completed
ORD-10341,2026-03-24,CUST-218,PROD-044,Electronics,2,4656.62,0.05,Bank Transfer,Completed
ORD-10342,2026-02-12,CUST-142,PROD-021,Fashion,4,4796.47,0.05,Debit Card,Completed
ORD-10343,2026-03-26,CUST-048,PROD-082,Sports,4,243.04,0.2,Maya,Pending
ORD-10344,2026-02-19,CUST-152,PROD-055,Electronics,2,1108.34,0.0,Bank Transfer,Completed
ORD-10345,2026-01-24,CUST-205,PROD-069,Beauty,3,1065.66,0.0,credit card,Pending
ORD-10346,2026-02-10,CUST-136,PROD-082,Fashion,4,3095.41,0.2,GCash,Completed
ORD-10347,2026-03-21,CUST-091,PROD-059,Home,3,4601.54,0.2,GCash,Completed
ORD-10348,2026-01-31,CUST-081,PROD-016,Beauty,1,996.92,0.05,Bank Transfer,Pending
ORD-10349,2026-01-18,CUST-108,PROD-077,Fashion,4,2172.89,0.15,Bank Transfer,Completed
ORD-10350,2026-03-04,CUST-143,PROD-022,Beauty,2,1016.78,0.15,Bank Transfer,Completed
ORD-10351,2026-01-02,CUST-222,PROD-046,Sports,2,1056.13,0.15,Bank Transfer,Cancelled
ORD-10352,2026-02-22,CUST-168,PROD-064,Sports,4,3579.7,0.15,Debit Card,Completed
ORD-10353,2026-01-04,CUST-022,PROD-073,Home,3,260.21,0.05,Bank Transfer,Completed
ORD-10354,2026-02-28,CUST-044,PROD-100,Fashion,4,2793.66,0.0,Bank Transfer,Completed
ORD-10355,2026-03-11,CUST-069,PROD-100,Beauty,0,4130.79,0.0,Debit Card,Cancelled
ORD-10356,2026-01-14,CUST-056,PROD-055,Home,3,4386.57,0.0,Debit Card,Completed
ORD-10357,2026-02-26,CUST-090,PROD-012,Electronics,2,1128.4,0.2,Credit Card,Cancelled
ORD-10358,2026-01-22,CUST-162,PROD-055,Fashion,2,3945.76,0.05,GCash,Cancelled
ORD-10359,2026-02-05,CUST-090,PROD-069,Fashion,5,925.05,0.1,Credit Card,Cancelled
ORD-10360,2026-03-28,CUST-069,PROD-066,Electronics,2,4817.58,0.15,GCash,Completed
ORD-10361,2026-01-17,CUST-222,PROD-084,Home,2,816.59,0.1,Maya,Pending
ORD-10362,2026-03-15,CUST-126,PROD-019,Beauty,4,1938.34,0.0,GCash,Pending
ORD-10363,2026-02-05,CUST-132,PROD-096,Beauty,4,4756.24,0.1,Bank Transfer,Completed
ORD-10364,2026-01-12,CUST-223,PROD-100,Sports,3,4265.52,0.2,Debit Card,Completed
ORD-10365,2026-01-28,CUST-248,PROD-055,Sports,3,1682.04,0.1,Credit Card,Cancelled
ORD-10366,2026-03-14,CUST-148,PROD-017,Sports,3,4481.36,0.0,GCash,Completed
ORD-10367,2026-01-03,CUST-161,PROD-059,Electronics,2,2262.3,0.0,Debit Card,Completed
ORD-10368,2026-03-25,CUST-177,PROD-017,Beauty,2,4384.67,0.1,GCash,Completed
ORD-10369,2026-02-17,CUST-065,PROD-011,Home,1,2042.07,0.1,Maya,Pending
ORD-10370,2026-01-13,CUST-168,PROD-012,Electronics,2,2436.35,0.05,Bank Transfer,Completed
ORD-10371,2026-02-26,CUST-133,PROD-088,Electronics,1,3508.43,0.0,Debit Card,Completed
ORD-10372,2026-01-30,CUST-123,PROD-010,Sports,1,3680.74,0.0,GCash,Completed
ORD-10373,2026-01-18,CUST-095,PROD-039,Sports,2,3243.72,0.05,GCash,Cancelled
ORD-10374,2026-03-20,CUST-145,PROD-002,Home,4,1820.82,0.05,Maya,Pending
ORD-10375,2026-02-26,CUST-158,PROD-088,Home,1,4493.31,0.05,GCash,Cancelled
ORD-10376,2026-02-14,CUST-187,PROD-050,Sports,3,3976.28,0.05,Credit Card,Completed
ORD-10377,2026-03-18,CUST-064,PROD-071,Fashion,5,1496.11,0.0,Credit Card,Completed
ORD-10378,2026-03-07,CUST-133,PROD-078,Home,4,1548.16,0.0,Maya,Pending
ORD-10379,2026-01-31,CUST-099,PROD-015,Sports,5,447.96,0.0,Credit Card,Completed
ORD-10380,2026-03-14,CUST-034,PROD-050,Sports,3,2777.15,0.05,Debit Card,Completed
ORD-10381,2026-01-09,CUST-005,PROD-076,Electronics,3,1157.14,0.0,Debit Card,Cancelled
ORD-10382,2026-03-06,CUST-074,PROD-081,Sports,4,3538.87,0.0,Bank Transfer,Cancelled
ORD-10383,2026-02-05,CUST-158,PROD-020,Electronics,3,487.21,0.05,Maya,Cancelled
ORD-10384,2026-03-17,CUST-084,PROD-051,Electronics,3,3523.51,0.05,GCash,Completed
ORD-10385,2026-01-15,CUST-023,PROD-056,Sports,5,3083.28,0.1,Maya,Completed
ORD-10386,2026-01-18,CUST-004,PROD-091,Electronics,2,2532.42,0.1,Bank Transfer,Cancelled
ORD-10387,2026-02-03,CUST-201,PROD-093,Home,3,721.96,0.1,GCash,Completed
ORD-10388,2026-02-04,CUST-086,PROD-055,Fashion,1,1388.45,0.2,GCash,Pending
ORD-10389,2026-02-16,CUST-117,PROD-066,electronics,4,4310.86,0.05,Credit Card,Completed
ORD-10390,2026-01-14,CUST-066,PROD-099,Fashion,1,1219.18,0.2,GCash,Completed
ORD-10391,2026-02-01,CUST-220,PROD-002,Electronics,4,1883.48,0.05,Maya,Completed
ORD-10392,2026-03-25,CUST-142,PROD-092,Sports,2,1676.83,0.15,credit card,Completed
ORD-10393,2026-03-15,CUST-212,PROD-010,Beauty,1,,0.0,Maya,Completed
ORD-10394,2026-01-06,CUST-206,PROD-067,Sports,1,4397.26,0.1,Credit Card,Completed
ORD-10395,2026-02-28,CUST-023,PROD-071,electronics,3,1083.29,0.2,Credit Card,Cancelled
ORD-10396,2026-02-17,CUST-063,PROD-060,Fashion,4,4989.16,0.05,Bank Transfer,Completed
ORD-10397,2026-02-22,CUST-039,PROD-001,Electronics,2,2753.57,0.0,Credit Card,Completed
ORD-10398,2026-02-18,CUST-195,PROD-085,Beauty,1,1105.45,0.05,Debit Card,Pending
ORD-10399,2026-01-19,CUST-247,PROD-008,Beauty,1,315.11,0.05,Bank Transfer,Pending
ORD-10400,2026-02-28,CUST-180,PROD-048,Electronics,5,568.33,0.05,Debit Card,Completed
ORD-10401,2026-01-08,CUST-152,PROD-073,Sports,2,1260.18,0.1,Credit Card,Pending
ORD-10402,2026-02-11,CUST-180,PROD-095,Beauty,4,1432.58,0.0,Maya,Completed
ORD-10403,2026-03-16,CUST-200,PROD-099,Electronics,2,617.72,0.15,Debit Card,Completed
ORD-10404,2026-03-10,CUST-105,PROD-016,Beauty,2,2314.39,0.15,Credit Card,Completed
ORD-10405,2026-03-29,CUST-024,PROD-021,Beauty,5,297.62,0.1,Maya,Completed
ORD-10406,2026-02-15,CUST-183,PROD-032,Sports,5,339.86,0.1,Credit Card,Completed
ORD-10407,2026-02-27,CUST-008,PROD-052,Fashion,5,1324.28,0.15,GCash,Completed
ORD-10408,2026-01-08,CUST-032,PROD-002,Home,2,1070.85,0.15,Credit Card,Completed
ORD-10409,2026-02-03,CUST-150,PROD-076,Electronics,1,4986.09,0.05,Debit Card,Completed
ORD-10410,2026-01-16,CUST-024,PROD-043,Electronics,4,348.12,0.2,Debit Card,Pending
ORD-10411,2026-02-18,,PROD-004,Sports,2,1834.32,0.05,Credit Card,Completed
ORD-10412,2026-01-05,CUST-115,PROD-020,Fashion,5,3123.19,0.1,Debit Card,Pending
ORD-10413,2026-03-03,CUST-226,PROD-071,Electronics,1,1470.9,0.05,Debit Card,Completed
ORD-10414,2026-02-01,CUST-165,PROD-068,Fashion,1,4948.08,0.1,Debit Card,Cancelled
ORD-10415,2026-02-14,CUST-201,PROD-063,Fashion,5,1675.86,0.1,Maya,Completed
ORD-10416,2026-01-29,CUST-082,PROD-077,Electronics,3,387.1,0.15,Bank Transfer,Completed
ORD-10417,2026-01-30,CUST-197,PROD-075,Home,1,1314.5,0.05,Credit Card,Cancelled
ORD-10418,2026-01-08,CUST-209,PROD-095,Home,5,4247.87,0.15,Credit Card,Completed
ORD-10419,2026-03-17,CUST-046,PROD-031,Beauty,3,4578.5,0.0,Credit Card,Cancelled
ORD-10420,2026-03-14,CUST-145,PROD-019,Home,4,2756.41,0.05,Debit Card,Completed
ORD-10421,2026-01-30,CUST-024,PROD-008,Fashion,2,197.65,0.15,GCash,Completed
ORD-10422,2026-01-26,CUST-235,PROD-079,Home,3,3612.99,0.1,GCash,Completed
ORD-10423,2026-01-19,CUST-038,PROD-076,Electronics,5,4317.28,0.0,credit card,Pending
ORD-10424,2026-02-13,CUST-151,PROD-013,Beauty,3,768.61,0.05,Debit Card,Pending
ORD-10425,2026-01-23,CUST-167,PROD-041,Fashion,5,3956.26,0.05,Bank Transfer,Completed
ORD-10426,2026-03-30,CUST-097,PROD-040,Beauty,2,970.77,0.0,Bank Transfer,Pending
ORD-10427,2026-03-14,CUST-218,PROD-099,Electronics,2,3051.7,0.2,Maya,Cancelled
ORD-10428,2026-01-19,CUST-027,PROD-064,Beauty,1,1266.18,0.1,Maya,Completed
ORD-10429,2026-03-27,CUST-211,PROD-091,Beauty,4,155.84,0.05,Maya,Completed
ORD-10430,2026-01-14,CUST-090,PROD-033,Electronics,1,1991.09,0.15,Maya,Pending
ORD-10431,2026-02-14,CUST-127,PROD-049,Fashion,4,597.0,0.15,Bank Transfer,Completed
ORD-10432,2026-01-10,CUST-042,PROD-058,Electronics,3,198.38,0.1,GCash,Completed
ORD-10433,2026-02-18,CUST-088,PROD-022,Home,1,2780.53,0.0,Credit Card,Cancelled
ORD-10434,2026-01-04,CUST-158,PROD-062,Sports,2,3075.86,0.15,Maya,Completed
ORD-10435,2026-01-27,CUST-026,PROD-043,Home,4,3516.26,0.2,Credit Card,Completed
ORD-10436,2026-01-13,CUST-077,PROD-031,Electronics,4,2901.67,0.15,Maya,Completed
ORD-10437,2026-02-24,CUST-093,PROD-001,Electronics,3,4137.1,0.2,Debit Card,Completed
ORD-10438,2026-01-27,CUST-025,PROD-004,Home,3,4887.58,0.15,GCash,Completed
ORD-10439,2026-03-02,CUST-201,PROD-051,Sports,3,546.57,0.2,Debit Card,Completed
ORD-10440,2026-02-17,CUST-095,PROD-049,Home,4,318.62,0.15,Debit Card,Completed
ORD-10441,2026-03-14,CUST-058,PROD-035,Electronics,2,3785.95,0.0,GCash,Completed
ORD-10442,2026-02-22,CUST-207,PROD-070,Fashion,2,2812.65,0.15,Bank Transfer,Pending
ORD-10443,2026-03-29,CUST-248,PROD-069,Sports,5,4420.1,0.15,Credit Card,Completed
ORD-10444,2026-01-05,CUST-102,PROD-092,Fashion,5,4512.23,0.2,Bank Transfer,Completed
ORD-10445,2026-02-27,CUST-031,PROD-097,Home,2,4863.61,0.05,Maya,Completed
ORD-10446,2026-03-29,CUST-109,PROD-011,Sports,2,4986.62,0.05,Bank Transfer,Completed
ORD-10447,2026-01-09,CUST-082,PROD-094,Electronics,4,2826.18,0.2,Credit Card,Completed
ORD-10448,2026-01-02,CUST-134,PROD-059,Fashion,5,2660.55,0.15,GCash,Pending
ORD-10449,2026-03-14,CUST-039,PROD-019,Fashion,5,3816.05,0.0,GCash,Cancelled
ORD-10450,2026-02-06,CUST-200,PROD-013,Fashion,3,4401.68,0.1,Debit Card,Pending
ORD-10451,2026-03-02,CUST-147,PROD-078,Electronics,2,1449.53,0.05,Bank Transfer,Cancelled
ORD-10452,2026-02-21,CUST-175,PROD-089,Electronics,4,4458.91,0.1,Maya,Completed
ORD-10453,2026-02-04,CUST-191,PROD-061,Beauty,1,1755.54,0.1,Credit Card,Completed
ORD-10454,2026-03-31,CUST-216,PROD-063,Electronics,2,758.49,0.15,Credit Card,Completed
ORD-10455,2026-03-19,CUST-187,PROD-054,Electronics,2,2264.41,0.15,Debit Card,Cancelled
ORD-10456,2026-01-08,CUST-223,PROD-048,Fashion,2,421.52,0.2,Debit Card,Completed
ORD-10457,2026-03-14,CUST-200,PROD-068,Electronics,2,1044.54,0.05,GCash,Completed
ORD-10458,2026-01-07,CUST-009,PROD-059,Beauty,2,1442.49,0.15,Bank Transfer,Pending
ORD-10459,2026-03-29,CUST-163,PROD-016,Electronics,2,1925.09,0.2,Debit Card,Completed
ORD-10460,2026-03-17,CUST-246,PROD-061,Fashion,3,1786.82,0.1,GCash,Completed
ORD-10461,2026-01-07,CUST-008,PROD-050,Home,5,3921.17,0.05,Maya,Completed
ORD-10462,2026-02-04,CUST-174,PROD-027,Sports,5,198.26,0.0,Debit Card,Completed
ORD-10463,2026-03-18,CUST-166,PROD-023,Electronics,2,1336.71,0.1,Credit Card,Pending
ORD-10464,2026-02-14,CUST-230,PROD-049,Sports,3,1169.22,0.1,Bank Transfer,Cancelled
ORD-10465,2026-01-14,CUST-102,PROD-075,Electronics,5,4997.2,0.1,Bank Transfer,Cancelled
ORD-10466,2026-02-08,CUST-156,PROD-037,Electronics,4,412.8,0.1,Credit Card,Completed
ORD-10467,2026-03-25,CUST-067,PROD-084,Beauty,2,834.65,0.05,GCash,Cancelled
ORD-10468,2026-02-10,CUST-104,PROD-085,Home,0,3311.46,0.1,Credit Card,Pending
ORD-10469,2026-01-05,CUST-104,PROD-050,Fashion,5,4098.47,0.1,Maya,Cancelled
ORD-10470,2026-03-27,CUST-164,PROD-061,Beauty,5,1570.95,0.05,Bank Transfer,Completed
ORD-10471,2026-03-02,CUST-076,PROD-013,Home,3,3653.41,0.2,Maya,Completed
ORD-10472,2026-01-29,CUST-168,PROD-012,Beauty,2,3746.63,0.1,Debit Card,Completed
ORD-10473,2026-03-16,CUST-096,PROD-034,Beauty,4,4270.95,0.15,GCash,Cancelled
ORD-10474,2026-01-10,CUST-149,PROD-080,Sports,2,2552.34,0.15,Bank Transfer,Completed
ORD-10475,2026-01-20,CUST-106,PROD-007,Home,2,1779.08,0.2,Debit Card,Completed
ORD-10476,2026-01-24,CUST-081,PROD-092,Electronics,4,1729.88,0.05,Credit Card,Completed
ORD-10477,2026-02-05,CUST-002,PROD-058,Home,2,2923.77,0.05,Debit Card,Completed
ORD-10478,2026-02-25,CUST-034,PROD-079,Sports,4,2202.22,0.15,Debit Card,Completed
ORD-10479,2026-01-26,CUST-010,PROD-069,Beauty,1,4470.83,0.2,Maya,Completed
ORD-10480,2026-03-22,CUST-174,PROD-001,Home,2,3498.27,0.1,Credit Card,Completed
ORD-10481,2026-03-06,CUST-027,PROD-050,Fashion,3,918.4,0.0,Credit Card,Completed
ORD-10482,2026-03-08,CUST-117,PROD-094,Fashion,5,1755.39,0.05,Credit Card,Pending
ORD-10483,2026-01-25,CUST-092,PROD-097,Home,4,193.71,0.05,Maya,Completed
ORD-10484,2026-03-17,CUST-188,PROD-003,Fashion,2,703.49,0.0,Debit Card,Completed
ORD-10485,2026-03-21,CUST-198,PROD-069,Electronics,5,4973.93,0.0,GCash,Completed
ORD-10486,2026-02-23,CUST-177,PROD-015,Sports,4,705.62,0.1,Debit Card,Completed
ORD-10487,2026-03-29,CUST-053,PROD-089,Electronics,3,2162.27,0.0,Bank Transfer,Completed
ORD-10488,2026-03-31,CUST-160,PROD-078,Home,4,4170.2,0.0,Bank Transfer,Cancelled
ORD-10489,2026-01-15,CUST-031,PROD-037,Electronics,4,1073.37,0.05,Credit Card,Cancelled
ORD-10490,2026-02-15,CUST-250,PROD-026,Sports,3,885.83,0.2,Debit Card,Completed
ORD-10491,2026-02-12,CUST-177,PROD-062,Home,1,162.47,0.0,GCash,Cancelled
ORD-10492,2026-01-20,CUST-172,PROD-064,Electronics,5,467.74,0.0,Credit Card,Completed
ORD-10493,2026-02-03,CUST-117,PROD-038,Sports,1,589.06,0.05,GCash,Completed
ORD-10494,2026-02-10,CUST-093,PROD-087,Sports,1,565.49,0.0,GCash,Completed
ORD-10495,2026-01-22,CUST-170,PROD-083,Beauty,3,4483.19,0.2,Credit Card,Completed
ORD-10496,2026-01-24,CUST-096,PROD-044,Electronics,4,2061.23,0.15,Credit Card,Pending
ORD-10497,2026-02-23,CUST-177,PROD-062,Home,1,749.31,0.0,Maya,Completed
ORD-10498,2026-03-03,CUST-107,PROD-076,Fashion,4,988.18,0.15,Credit Card,Cancelled
ORD-10499,2026-01-17,CUST-008,PROD-088,Sports,4,653.39,0.15,Debit Card,Completed
ORD-10500,2026-03-25,CUST-017,PROD-034,Beauty,1,3552.38,0.2,Bank Transfer,Cancelled
ORD-10501,2026-02-13,CUST-058,PROD-086,Fashion,5,3472.38,0.2,GCash,Pending
ORD-10502,2026-02-01,CUST-170,PROD-094,Sports,3,3352.18,0.15,Maya,Cancelled
ORD-10503,2026-01-07,CUST-229,PROD-079,Electronics,2,2577.28,0.15,Debit Card,Completed
ORD-10504,2026-03-04,CUST-020,PROD-097,Beauty,2,1721.38,0.1,GCash,Cancelled
ORD-10505,2026-03-24,CUST-058,PROD-071,Sports,4,4103.81,0.0,Debit Card,Pending
ORD-10506,2026-02-27,CUST-206,PROD-074,Electronics,4,2290.63,0.0,Debit Card,Completed
ORD-10507,2026-02-22,CUST-027,PROD-052,Electronics,5,2790.58,0.0,Bank Transfer,Cancelled
ORD-10508,2026-03-07,CUST-164,PROD-039,Fashion,2,3307.52,0.15,Credit Card,Completed
ORD-10509,2026-01-29,CUST-212,PROD-007,Sports,3,2844.74,0.2,Bank Transfer,Pending
ORD-10510,2026-02-16,CUST-184,PROD-085,Sports,1,577.44,0.05,GCash,Completed
ORD-10511,2026-02-07,CUST-091,PROD-082,Fashion,5,1932.06,0.0,GCash,Completed
ORD-10512,2026-02-22,CUST-127,PROD-018,Electronics,3,3093.17,0.05,GCash,Pending
ORD-10513,2026-01-25,,PROD-059,Beauty,1,3810.03,0.0,Bank Transfer,Completed
ORD-10514,2026-02-28,CUST-198,PROD-058,Fashion,5,759.72,0.15,GCash,Cancelled
ORD-10515,2026-03-12,CUST-189,PROD-007,Sports,5,2466.37,0.2,Maya,Cancelled
ORD-10516,2026-01-17,CUST-045,PROD-094,Electronics,4,3321.86,0.2,Credit Card,Cancelled
ORD-10517,2026-02-23,CUST-226,PROD-050,Fashion,2,1440.62,0.1,Credit Card,Pending
ORD-10518,2026-01-18,CUST-207,PROD-018,Sports,5,3530.07,0.2,Credit Card,Cancelled
ORD-10519,2026-03-12,CUST-221,PROD-041,Home,2,1127.59,0.1,Credit Card,Completed
ORD-10520,2026-01-23,CUST-182,PROD-084,Fashion,5,3502.13,0.1,GCash,Completed
ORD-10521,2026-03-16,,PROD-062,Fashion,4,3403.79,0.2,Credit Card,Pending
ORD-10522,2026-03-08,CUST-207,PROD-002,Electronics,1,1966.26,0.0,gcash,Completed
ORD-10523,2026-01-21,CUST-069,PROD-097,Beauty,3,817.5,0.0,Credit Card,Completed
ORD-10524,2026-01-05,CUST-193,PROD-070,Beauty,4,602.15,0.2,Maya,Cancelled
ORD-10525,2026-03-07,CUST-100,PROD-031,Beauty,1,4639.78,0.15,Debit Card,Completed
ORD-10526,2026-01-07,CUST-248,PROD-071,Electronics,3,1095.13,0.15,Maya,Completed
ORD-10527,2026-03-11,CUST-194,PROD-076,fashion,2,3903.12,0.05,Credit Card,Pending
ORD-10528,2026-01-10,CUST-046,PROD-088,Home,2,3701.89,0.0,Debit Card,Completed
ORD-10529,2026-03-13,CUST-110,PROD-036,Beauty,2,888.55,0.1,GCash,Completed
ORD-10530,2026-01-20,CUST-120,PROD-091,Electronics,2,4650.28,0.2,GCash,Cancelled
ORD-10531,2026-02-08,CUST-216,PROD-085,Sports,5,2795.78,0.0,Credit Card,Cancelled
ORD-10532,2026-03-08,CUST-057,PROD-024,Electronics,5,880.92,0.2,Bank Transfer,Pending
ORD-10533,2026-01-29,CUST-024,PROD-045,Home,3,1722.23,0.1,Maya,Cancelled
ORD-10534,2026-03-13,CUST-136,PROD-061,Electronics,1,3377.8,0.15,Maya,Cancelled
ORD-10535,2026-02-01,CUST-236,PROD-080,Electronics,3,1968.73,0.0,Debit Card,Completed
ORD-10536,2026-02-06,CUST-139,PROD-093,Electronics,5,4128.33,0.1,Bank Transfer,Cancelled
ORD-10537,2026-01-06,CUST-115,PROD-063,Beauty,2,1669.53,0.0,gcash,Completed
ORD-10538,2026-03-10,CUST-249,PROD-099,Fashion,1,3171.97,0.05,Maya,Pending
ORD-10539,2026-01-27,CUST-214,PROD-014,Fashion,4,3268.15,0.0,Maya,Completed
ORD-10540,2026-02-12,CUST-118,PROD-092,Electronics,1,458.92,0.05,Credit Card,Cancelled
ORD-10541,2026-01-30,CUST-019,PROD-074,Beauty,4,2001.36,0.15,Debit Card,Completed
ORD-10542,2026-03-28,CUST-005,PROD-050,Electronics,5,128.9,0.2,GCash,Cancelled
ORD-10543,2026-01-10,CUST-012,PROD-090,Beauty,5,620.06,0.1,Bank Transfer,Completed
ORD-10544,2026-02-26,CUST-073,PROD-098,Sports,4,4128.4,0.0,Debit Card,Completed
ORD-10545,2026-01-18,CUST-137,PROD-029,Sports,5,1545.39,0.05,Credit Card,Completed
ORD-10546,2026-03-12,CUST-246,PROD-002,Fashion,2,703.85,0.0,Bank Transfer,Cancelled
ORD-10547,2026-03-12,CUST-101,PROD-069,Electronics,3,1129.26,0.1,Maya,Pending
ORD-10548,2026-03-07,CUST-232,PROD-083,Home,2,1001.56,0.2,Credit Card,Completed
ORD-10549,2026-03-27,CUST-030,PROD-024,Fashion,1,4271.8,0.2,Debit Card,Cancelled
ORD-10550,2026-03-27,CUST-019,PROD-038,Electronics,3,581.19,0.2,Debit Card,Completed
ORD-10551,2026-03-27,CUST-092,PROD-017,Home,1,1497.17,0.0,Maya,Completed
ORD-10552,2026-02-12,CUST-125,PROD-058,Fashion,3,3497.94,0.05,Bank Transfer,Cancelled
ORD-10553,2026-02-24,CUST-094,PROD-041,Home,1,1634.75,0.05,Debit Card,Completed
ORD-10554,2026-01-18,CUST-216,PROD-047,Beauty,4,2367.96,0.1,Credit Card,Pending
ORD-10555,2026-01-23,CUST-142,PROD-014,fashion,1,4224.79,0.05,Bank Transfer,Completed
ORD-10556,2026-03-22,CUST-068,PROD-094,Electronics,1,4471.32,0.2,GCash,Cancelled
ORD-10557,2026-03-17,CUST-149,PROD-052,Home,1,2802.81,0.2,Bank Transfer,Pending
ORD-10558,2026-01-20,CUST-168,PROD-100,Beauty,4,1194.2,0.2,Credit Card,Completed
ORD-10559,2026-03-07,CUST-119,PROD-065,Electronics,4,1882.94,0.0,Maya,Cancelled
ORD-10560,2026-03-07,CUST-176,PROD-022,Home,4,880.19,0.2,Bank Transfer,Completed
ORD-10561,2026-03-03,CUST-189,PROD-094,Beauty,1,1172.21,0.15,Maya,Completed
ORD-10562,2026-01-30,CUST-068,PROD-048,Electronics,2,,0.1,Debit Card,Pending
ORD-10563,2026-01-06,CUST-235,PROD-059,Electronics,3,605.8,0.2,Credit Card,Completed
ORD-10564,2026-03-14,CUST-149,PROD-070,Home,4,3303.01,0.1,Bank Transfer,Completed
ORD-10565,2026-02-18,CUST-133,PROD-033,Home,5,2088.63,0.1,Debit Card,Pending
ORD-10566,2026-01-01,CUST-228,PROD-078,Fashion,2,2255.5,0.05,GCash,Cancelled
ORD-10567,2026-01-28,CUST-165,PROD-036,Home,2,871.05,0.2,GCash,Completed
ORD-10568,2026-01-15,CUST-107,PROD-043,Sports,4,2447.2,0.2,Maya,Pending
ORD-10569,2026-01-06,CUST-006,PROD-032,Home,5,3002.5,0.05,Bank Transfer,Completed
ORD-10570,2026-01-19,CUST-229,PROD-074,Electronics,2,1365.47,0.05,Bank Transfer,Pending
ORD-10571,2026-03-23,CUST-154,PROD-073,Electronics,3,4741.54,0.05,Debit Card,Cancelled
ORD-10572,2026-01-22,CUST-121,PROD-062,Home,4,3044.11,0.2,Maya,Cancelled
ORD-10573,2026-02-03,CUST-169,PROD-066,Home,3,4619.52,0.2,Bank Transfer,Completed
ORD-10574,2026-02-19,CUST-059,PROD-049,Home,1,181.16,0.2,Bank Transfer,Pending
ORD-10575,2026-03-19,CUST-212,PROD-020,Electronics,2,2431.76,0.2,Bank Transfer,Completed
ORD-10576,2026-03-06,CUST-225,PROD-069,Electronics,1,2462.98,0.05,Bank Transfer,Cancelled
ORD-10577,2026-03-28,CUST-212,PROD-001,Sports,5,2161.35,0.0,Bank Transfer,Pending
ORD-10578,2026-02-18,CUST-059,PROD-062,Beauty,5,4042.64,0.2,GCash,Pending
ORD-10579,2026-03-03,CUST-035,PROD-033,Home,1,1488.01,0.2,Debit Card,Completed
ORD-10580,2026-01-01,CUST-049,PROD-001,Fashion,5,677.36,0.0,Debit Card,Completed
ORD-10581,2026-02-22,CUST-177,PROD-041,Beauty,1,858.42,0.2,Credit Card,Completed
ORD-10582,2026-02-24,CUST-219,PROD-069,Fashion,3,3098.22,0.15,Maya,Pending
ORD-10583,2026-03-03,CUST-142,PROD-072,Home,3,2839.56,0.15,Credit Card,Completed
ORD-10584,2026-02-20,CUST-148,PROD-045,Home,1,3764.29,0.15,Maya,Completed
ORD-10585,2026-02-21,CUST-055,PROD-066,Beauty,5,3108.72,0.0,Maya,Pending
ORD-10586,2026-01-01,CUST-247,PROD-082,Electronics,0,2411.18,0.2,Debit Card,Completed
ORD-10587,2026-01-29,CUST-017,PROD-034,Beauty,1,3084.24,0.15,Debit Card,Cancelled
ORD-10588,2026-02-06,CUST-168,PROD-067,Fashion,1,4734.01,0.05,Debit Card,Pending
ORD-10589,2026-03-26,CUST-003,PROD-026,Fashion,3,1054.26,0.2,Bank Transfer,Cancelled
ORD-10590,2026-03-20,CUST-179,PROD-030,Home,1,1862.73,0.0,Maya,Completed
ORD-10591,2026-02-21,CUST-071,PROD-100,Beauty,4,2086.71,0.05,Bank Transfer,Completed
ORD-10592,2026-01-09,CUST-189,PROD-091,Electronics,5,1494.02,0.2,Bank Transfer,Completed
ORD-10593,2026-01-29,CUST-089,PROD-036,Fashion,2,2328.32,0.15,Bank Transfer,Completed
ORD-10594,2026-02-22,CUST-067,PROD-023,Fashion,1,2837.29,0.2,Credit Card,Completed
ORD-10595,2026-03-07,CUST-243,PROD-015,Beauty,5,4084.42,0.2,Credit Card,Pending
ORD-10596,2026-03-14,CUST-248,PROD-049,Sports,2,3811.62,0.15,Debit Card,Cancelled
ORD-10597,2026-03-03,CUST-221,PROD-004,Electronics,3,431.02,0.05,Maya,Completed
ORD-10598,2026-03-08,CUST-106,PROD-046,Fashion,1,3534.01,0.1,Maya,Completed
ORD-10599,2026-03-28,CUST-024,PROD-052,Beauty,1,2817.3,0.05,Debit Card,Completed
ORD-10600,2026-03-15,CUST-091,PROD-028,Beauty,2,4740.88,0.05,Debit Card,Completed
ORD-10601,2026-01-31,CUST-061,PROD-095,Beauty,2,1223.12,0.05,Bank Transfer,Completed
ORD-10602,2026-01-14,CUST-040,PROD-100,Electronics,0,3411.48,0.15,Bank Transfer,Completed
ORD-10603,2026-01-06,CUST-196,PROD-070,Sports,3,3141.27,0.15,Bank Transfer,Completed
ORD-10604,2026-03-07,CUST-126,PROD-024,Beauty,4,1188.25,0.2,Maya,Completed
ORD-10605,2026-03-03,CUST-135,PROD-055,Fashion,1,2562.13,0.15,Maya,Pending
ORD-10606,2026-03-31,CUST-250,PROD-016,Fashion,4,1646.69,0.0,GCash,Completed
ORD-10607,2026-01-13,CUST-098,PROD-075,Beauty,3,3102.61,0.1,Maya,Cancelled
ORD-10608,2026-02-04,CUST-068,PROD-031,Sports,5,1781.17,0.05,Debit Card,Pending
ORD-10609,2026-03-31,CUST-054,PROD-054,Beauty,3,4286.2,0.1,Debit Card,Completed
ORD-10610,2026-03-15,CUST-147,PROD-017,Home,1,3632.0,0.05,Bank Transfer,Pending
ORD-10611,2026-01-26,CUST-220,PROD-049,Home,2,2417.64,0.0,Maya,Pending
ORD-10612,2026-03-22,CUST-128,PROD-018,Fashion,0,3630.75,0.15,Credit Card,Completed
ORD-10613,2026-01-07,CUST-144,PROD-073,Sports,1,3483.66,0.0,Maya,Completed
ORD-10614,2026-01-13,CUST-122,PROD-081,Sports,3,1372.87,0.1,Bank Transfer,Cancelled
ORD-10615,2026-02-14,CUST-239,PROD-033,Electronics,4,694.06,0.2,Maya,Cancelled
ORD-10616,2026-03-25,CUST-148,PROD-084,Fashion,2,4898.93,0.1,Credit Card,Completed
ORD-10617,2026-03-04,CUST-173,PROD-066,Sports,1,1967.25,0.1,Debit Card,Completed
ORD-10618,2026-03-23,CUST-223,PROD-022,Beauty,4,3193.24,0.2,Debit Card,Completed
ORD-10619,2026-02-13,CUST-021,PROD-021,Home,3,1652.7,0.1,Credit Card,Cancelled
ORD-10620,2026-02-04,CUST-166,PROD-051,Sports,3,3764.69,0.2,Debit Card,Pending
ORD-10621,2026-01-03,CUST-043,PROD-024,Home,2,3343.91,0.0,Maya,Completed
ORD-10622,2026-01-13,CUST-102,PROD-014,Electronics,4,2787.33,0.0,Debit Card,Cancelled
ORD-10623,2026-01-14,CUST-196,PROD-011,Beauty,5,860.84,0.15,Credit Card,Completed
ORD-10624,2026-02-06,CUST-064,PROD-095,Sports,2,743.26,0.05,GCash,Completed
ORD-10625,2026-02-11,CUST-170,PROD-046,Sports,4,4877.41,0.2,Credit Card,Cancelled
ORD-10626,2026-03-31,,PROD-018,Fashion,2,2995.07,0.15,Bank Transfer,Pending
ORD-10627,2026-03-23,CUST-135,PROD-082,Fashion,3,4553.72,0.15,Bank Transfer,Completed
ORD-10628,2026-02-26,CUST-207,PROD-012,Beauty,3,2119.8,0.05,Credit Card,Completed
ORD-10629,2026-01-18,CUST-001,PROD-067,Beauty,3,2399.07,0.0,Debit Card,Pending
ORD-10630,2026-02-25,CUST-077,PROD-002,Beauty,5,1232.96,0.0,Bank Transfer,Completed
ORD-10631,2026-03-13,CUST-049,PROD-053,Sports,4,1324.49,0.15,Debit Card,Completed
ORD-10632,2026-02-24,CUST-068,PROD-011,Home,5,3846.24,0.2,Credit Card,Completed
ORD-10633,2026-03-10,CUST-167,PROD-096,Beauty,4,1021.2,0.0,Maya,Completed
ORD-10634,2026-03-23,CUST-075,PROD-015,Sports,5,2318.56,0.2,Debit Card,Completed
ORD-10635,2026-01-20,CUST-083,PROD-003,Electronics,5,208.44,0.0,Credit Card,Completed
ORD-10636,2026-02-26,,PROD-092,Electronics,2,541.97,0.0,Debit Card,Completed
ORD-10637,2026-02-09,CUST-088,PROD-054,Sports,3,2372.05,0.0,Credit Card,Completed
ORD-10638,2026-01-19,CUST-216,PROD-097,Electronics,3,3900.7,0.0,bank transfer,Pending
ORD-10639,2026-02-02,CUST-047,PROD-025,Sports,1,697.61,0.05,Debit Card,Pending
ORD-10640,2026-01-05,CUST-064,PROD-095,Home,4,3703.08,0.0,Bank Transfer,Completed
ORD-10641,2026-03-29,CUST-122,PROD-050,Beauty,3,877.2,0.0,Bank Transfer,Cancelled
ORD-10642,2026-03-03,CUST-032,PROD-033,Beauty,2,1866.09,0.0,Maya,Completed
ORD-10643,2026-02-25,CUST-061,PROD-082,Beauty,1,920.07,0.1,Bank Transfer,Completed
ORD-10644,2026-01-02,CUST-102,PROD-032,Electronics,5,3939.03,0.15,Bank Transfer,Completed
ORD-10645,2026-01-12,CUST-096,PROD-099,Home,2,2549.6,0.2,Credit Card,Completed
ORD-10646,2026-03-24,CUST-016,PROD-046,Home,5,3978.18,0.05,Debit Card,Completed
ORD-10647,2026-03-24,CUST-082,PROD-072,Beauty,4,3692.63,0.0,Debit Card,Completed
ORD-10648,2026-02-02,CUST-186,PROD-018,Electronics,4,3562.47,0.2,Credit Card,Cancelled
ORD-10649,2026-01-25,CUST-179,PROD-063,Fashion,2,2763.74,0.1,Debit Card,Completed
ORD-10650,2026-03-12,CUST-223,PROD-077,Home,1,2702.57,0.15,Credit Card,Completed
ORD-10651,2026-02-28,CUST-139,PROD-047,Electronics,5,1957.31,0.05,GCash,Cancelled
ORD-10652,2026-03-21,CUST-220,PROD-047,Home,3,3632.92,0.2,Debit Card,Completed
ORD-10653,2026-03-05,CUST-135,PROD-088,Fashion,2,3103.89,0.1,Debit Card,Completed
ORD-10654,2026-03-08,CUST-029,PROD-013,Electronics,1,4192.45,0.05,Maya,Completed
ORD-10655,2026-03-04,CUST-052,PROD-014,Home,1,255.9,0.15,Debit Card,Cancelled
ORD-10656,2026-03-17,CUST-160,PROD-090,Beauty,1,1895.13,0.2,GCash,Completed
ORD-10657,2026-03-25,CUST-239,PROD-027,Sports,1,2393.49,0.0,Credit Card,Cancelled
ORD-10658,2026-02-17,CUST-191,PROD-054,Electronics,5,1402.5,0.0,GCash,Completed
ORD-10659,2026-03-08,CUST-020,PROD-028,Electronics,1,3653.34,0.2,Debit Card,Completed
ORD-10660,2026-03-26,,PROD-068,Home,5,3164.09,0.05,Bank Transfer,Cancelled
ORD-10661,2026-01-14,CUST-107,PROD-096,Fashion,3,3405.01,0.15,GCash,Completed
ORD-10662,2026-03-12,CUST-203,PROD-024,Sports,5,1753.81,0.05,Bank Transfer,Cancelled
ORD-10663,2026-02-10,CUST-114,PROD-046,Fashion,3,4239.78,0.15,Debit Card,Completed
ORD-10664,2026-03-14,CUST-156,PROD-031,Fashion,2,1937.81,0.2,Credit Card,Completed
ORD-10665,2026-02-27,CUST-247,PROD-058,Sports,1,3658.94,0.1,Bank Transfer,Completed
ORD-10666,2026-02-08,CUST-133,PROD-018,electronics,3,4923.53,0.05,Credit Card,Completed
ORD-10667,2026-02-05,CUST-198,PROD-089,Fashion,5,2825.98,0.2,Maya,Completed
ORD-10668,2026-02-15,CUST-010,PROD-059,Home,2,1398.44,0.2,Maya,Completed
ORD-10669,2026-01-12,CUST-066,PROD-039,Fashion,4,2888.42,0.05,GCash,Completed
ORD-10670,2026-01-23,CUST-203,PROD-062,Sports,5,4115.62,0.0,Bank Transfer,Completed
ORD-10671,2026-03-15,CUST-010,PROD-094,Sports,1,3922.6,0.1,Credit Card,Pending
ORD-10672,2026-01-30,CUST-107,PROD-016,Fashion,1,3206.05,0.15,GCash,Completed
ORD-10673,2026-02-10,CUST-135,PROD-006,Fashion,5,832.94,0.2,Maya,Completed
ORD-10674,2026-02-20,CUST-013,PROD-087,Sports,5,2918.75,0.0,Maya,Pending
ORD-10675,2026-01-19,CUST-075,PROD-051,Home,3,504.47,0.2,GCash,Cancelled
ORD-10676,2026-01-11,CUST-103,PROD-034,Sports,5,2229.01,0.05,Maya,Pending
ORD-10677,2026-03-04,CUST-144,PROD-026,Sports,5,1060.89,0.2,Bank Transfer,Completed
ORD-10678,2026-02-04,,PROD-010,Sports,3,3455.22,0.2,GCash,Completed
ORD-10679,2026-02-24,CUST-172,PROD-053,Beauty,3,1033.4,0.1,Bank Transfer,Completed
ORD-10680,2026-01-22,CUST-198,PROD-040,Beauty,5,4125.76,0.15,Bank Transfer,Completed
ORD-10681,2026-01-30,CUST-113,PROD-006,Home,3,864.36,0.0,GCash,Completed
ORD-10682,2026-01-19,CUST-063,PROD-080,Beauty,1,1782.03,0.0,Credit Card,Pending
ORD-10683,2026-02-12,CUST-121,PROD-003,Home,5,1138.19,0.2,Bank Transfer,Completed
ORD-10684,2026-03-21,CUST-141,PROD-062,Home,1,1945.37,0.2,GCash,Completed
ORD-10685,2026-02-06,CUST-044,PROD-008,Home,5,,0.15,GCash,Completed
ORD-10686,2026-02-04,CUST-100,PROD-085,Beauty,1,193.48,0.15,Maya,Pending
ORD-10687,2026-01-13,CUST-131,PROD-091,Beauty,4,4347.19,0.2,GCash,Completed
ORD-10688,2026-02-28,CUST-051,PROD-065,Fashion,1,294.79,0.2,Credit Card,Completed
ORD-10689,2026-01-21,CUST-126,PROD-051,Electronics,3,3453.13,0.1,Credit Card,Completed
ORD-10690,2026-01-08,CUST-129,PROD-036,Beauty,4,4462.97,0.0,Bank Transfer,Completed
ORD-10691,2026-02-13,CUST-058,PROD-020,Sports,2,530.2,0.15,Bank Transfer,Cancelled
ORD-10692,2026-03-29,CUST-224,PROD-081,Home,4,,0.05,Debit Card,Completed
ORD-10693,2026-02-12,CUST-233,PROD-078,Sports,5,745.68,0.05,Bank Transfer,Cancelled
ORD-10694,2026-01-18,CUST-176,PROD-026,Beauty,5,4556.86,0.15,Maya,Cancelled
ORD-10695,2026-02-10,CUST-235,PROD-021,Electronics,5,2711.51,0.0,Maya,Completed
ORD-10696,2026-01-04,CUST-215,PROD-019,Beauty,4,4809.86,0.1,Debit Card,Completed
ORD-10697,2026-01-25,CUST-039,PROD-100,Electronics,2,1005.26,0.2,Bank Transfer,Completed
ORD-10698,2026-03-20,CUST-156,PROD-073,Home,5,1237.69,0.0,Credit Card,Completed
ORD-10699,2026-03-03,CUST-177,PROD-100,Home,5,4246.08,0.15,Credit Card,Completed
ORD-10700,2026-03-04,CUST-219,PROD-050,Sports,2,902.55,0.05,GCash,Pending
ORD-10701,2026-02-04,CUST-196,PROD-002,Sports,2,3737.6,0.05,Maya,Completed
ORD-10702,2026-03-20,CUST-046,PROD-057,Sports,3,4347.2,0.05,Debit Card,Pending
ORD-10703,2026-03-19,CUST-199,PROD-006,Sports,3,2031.34,0.2,Bank Transfer,Cancelled
ORD-10704,2026-01-05,CUST-135,PROD-083,Fashion,1,2312.89,0.0,Maya,Cancelled
ORD-10705,2026-01-06,CUST-138,PROD-051,Fashion,4,2629.02,0.0,Maya,Completed
ORD-10706,2026-02-08,CUST-113,PROD-051,Beauty,4,915.78,0.1,Bank Transfer,Completed
ORD-10707,2026-01-19,CUST-177,PROD-067,Sports,4,543.16,0.2,GCash,Completed
ORD-10708,2026-03-31,CUST-200,PROD-075,Fashion,2,2026.03,0.1,Debit Card,Completed
ORD-10709,2026-03-17,CUST-046,PROD-059,Home,4,541.88,0.1,Maya,Completed
ORD-10710,2026-02-27,CUST-024,PROD-015,Beauty,1,2666.7,0.15,Bank Transfer,Cancelled
ORD-10711,2026-02-18,CUST-244,PROD-021,Fashion,4,315.14,0.05,Credit Card,Cancelled
ORD-10712,2026-01-20,CUST-224,PROD-085,Home,2,976.45,0.0,Debit Card,Completed
ORD-10713,2026-02-27,CUST-080,PROD-094,Beauty,2,676.01,0.05,Maya,Completed
ORD-10714,2026-02-02,CUST-160,PROD-098,Electronics,4,2538.38,0.15,Bank Transfer,Completed
ORD-10715,2026-01-31,CUST-156,PROD-064,Home,5,3331.41,0.15,Debit Card,Pending
ORD-10716,2026-03-18,CUST-021,PROD-077,Electronics,2,4422.62,0.1,Bank Transfer,Cancelled
ORD-10717,2026-01-07,CUST-210,PROD-027,Home,2,369.81,0.1,GCash,Completed
ORD-10718,2026-03-27,CUST-219,PROD-005,Fashion,5,1562.36,0.0,GCash,Completed
ORD-10719,2026-01-21,CUST-107,PROD-023,Beauty,5,3338.53,0.2,Bank Transfer,Cancelled
ORD-10720,2026-03-16,CUST-046,PROD-059,Beauty,1,556.32,0.1,Credit Card,Completed
ORD-10721,2026-01-09,CUST-230,PROD-049,Sports,5,418.14,0.15,Maya,Completed
ORD-10722,2026-02-12,CUST-178,PROD-036,Fashion,4,2670.77,0.05,Bank Transfer,Completed
ORD-10723,2026-03-22,CUST-028,PROD-074,Fashion,1,2469.95,0.2,Credit Card,Pending
ORD-10724,2026-02-03,CUST-156,PROD-041,Fashion,5,4975.62,0.1,Maya,Cancelled
ORD-10725,2026-03-08,CUST-145,PROD-064,Sports,4,4059.1,0.2,Maya,Completed
ORD-10726,2026-01-16,CUST-050,PROD-001,Electronics,4,3164.76,0.0,Maya,Cancelled
ORD-10727,2026-01-06,CUST-107,PROD-053,Beauty,3,2846.04,0.05,GCash,Completed
ORD-10728,2026-02-02,CUST-177,PROD-037,Electronics,3,1571.39,0.2,Credit Card,Completed
ORD-10729,2026-02-12,CUST-030,PROD-088,Beauty,4,,0.2,GCash,Completed
ORD-10730,2026-02-13,CUST-050,PROD-043,Sports,4,4006.55,0.05,Debit Card,Completed
ORD-10731,2026-03-10,CUST-161,PROD-059,Beauty,4,3941.55,0.15,GCash,Cancelled
ORD-10732,2026-03-28,CUST-077,PROD-073,Beauty,5,2725.84,0.05,Bank Transfer,Completed
ORD-10733,2026-01-09,CUST-205,PROD-046,Home,3,4219.62,0.1,Debit Card,Cancelled
ORD-10734,2026-03-15,CUST-216,PROD-022,Fashion,4,1018.16,0.0,Credit Card,Completed
ORD-10735,2026-02-04,CUST-182,PROD-005,Sports,1,2535.57,0.05,Credit Card,Pending
ORD-10736,2026-01-28,CUST-213,PROD-039,Fashion,3,957.56,0.1,GCash,Completed
ORD-10737,2026-02-26,,PROD-012,Fashion,1,4015.22,0.2,Maya,Completed
ORD-10738,2026-03-09,CUST-088,PROD-062,Beauty,3,,0.0,Bank Transfer,Completed
ORD-10739,2026-01-05,CUST-053,PROD-093,Sports,4,3597.02,0.2,GCash,Completed
ORD-10740,2026-03-29,,PROD-006,Fashion,1,1733.12,0.0,GCash,Cancelled
ORD-10741,2026-02-09,CUST-197,PROD-085,Electronics,5,3816.62,0.05,Credit Card,Completed
ORD-10742,2026-02-05,CUST-050,PROD-037,Fashion,3,3886.66,0.0,Credit Card,Completed
ORD-10743,2026-01-15,CUST-041,PROD-036,Electronics,5,2842.17,0.0,Maya,Cancelled
ORD-10744,2026-02-10,CUST-090,PROD-071,Beauty,2,4722.06,0.1,Bank Transfer,Completed
ORD-10745,2026-02-09,CUST-044,PROD-010,Fashion,3,2748.83,0.0,Maya,Completed
ORD-10746,2026-01-07,CUST-121,PROD-087,Electronics,4,363.62,0.15,Debit Card,Completed
ORD-10747,2026-03-17,CUST-181,PROD-077,Sports,5,1842.56,0.1,Maya,Cancelled
ORD-10748,2026-03-01,CUST-021,PROD-097,Fashion,2,555.29,0.15,GCash,Pending
ORD-10749,2026-03-24,CUST-080,PROD-088,Sports,4,1235.3,0.05,Maya,Cancelled
ORD-10750,2026-02-20,CUST-067,PROD-047,home,3,3965.02,0.1,Debit Card,Pending
ORD-10751,2026-03-02,CUST-008,PROD-009,Electronics,3,2445.4,0.05,credit card,Completed
ORD-10752,2026-01-17,CUST-155,PROD-074,Fashion,1,2087.86,0.0,Credit Card,Cancelled
ORD-10753,2026-02-08,CUST-167,PROD-010,Fashion,4,2064.0,0.15,Maya,Cancelled
ORD-10754,2026-01-21,CUST-063,PROD-071,Sports,4,423.69,0.05,Bank Transfer,Pending
ORD-10755,2026-03-14,CUST-201,PROD-056,Beauty,5,3501.25,0.05,GCash,Cancelled
ORD-10756,2026-01-15,CUST-215,PROD-063,Fashion,5,2368.25,0.2,GCash,Pending
ORD-10757,2026-02-21,CUST-046,PROD-040,Electronics,5,632.85,0.2,Debit Card,Completed
ORD-10758,2026-03-26,CUST-127,PROD-083,Electronics,1,1166.3,0.05,Bank Transfer,Completed
ORD-10759,2026-03-26,CUST-194,PROD-019,Home,4,2703.15,0.15,Bank Transfer,Cancelled
ORD-10760,2026-01-27,CUST-115,PROD-026,Beauty,3,2894.35,0.1,Debit Card,Completed
ORD-10761,2026-01-02,CUST-023,PROD-075,Fashion,5,2080.57,0.05,Credit Card,Completed
ORD-10762,2026-01-07,CUST-095,PROD-071,Electronics,5,4121.69,0.1,GCash,Completed
ORD-10763,2026-01-31,CUST-222,PROD-004,Sports,5,2031.91,0.1,Debit Card,Pending
ORD-10764,2026-03-11,CUST-098,PROD-056,Home,2,2426.87,0.05,Bank Transfer,Pending
ORD-10765,2026-02-23,CUST-216,PROD-047,Home,3,4987.53,0.05,Maya,Completed
ORD-10766,2026-01-03,CUST-019,PROD-083,Home,4,3323.84,0.05,GCash,Completed
ORD-10767,2026-02-28,CUST-165,PROD-054,Fashion,4,3153.92,0.15,Bank Transfer,Pending
ORD-10768,2026-02-19,CUST-142,PROD-058,Beauty,2,1010.38,0.2,GCash,Cancelled
ORD-10769,2026-01-31,CUST-128,PROD-094,Fashion,3,2113.11,0.2,Bank Transfer,Completed
ORD-10770,2026-03-14,CUST-009,PROD-005,Sports,3,654.51,0.15,GCash,Completed
ORD-10771,2026-03-09,CUST-187,PROD-094,Beauty,4,2633.05,0.2,Bank Transfer,Completed
ORD-10772,2026-03-22,CUST-063,PROD-061,Electronics,5,4010.68,0.1,Bank Transfer,Completed
ORD-10773,2026-03-10,CUST-232,PROD-044,Electronics,4,2324.77,0.15,Bank Transfer,Completed
ORD-10774,2026-02-07,CUST-108,PROD-046,Beauty,2,273.1,0.2,Credit Card,Cancelled
ORD-10775,2026-03-22,CUST-067,PROD-008,Sports,5,928.49,0.0,Credit Card,Cancelled
ORD-10776,2026-03-04,CUST-007,PROD-037,Electronics,2,2577.42,0.1,Credit Card,Completed
ORD-10777,2026-02-05,CUST-158,PROD-036,Beauty,1,3733.0,0.2,Maya,Cancelled
ORD-10778,2026-03-26,CUST-190,PROD-020,Sports,3,4058.42,0.1,Maya,Pending
ORD-10779,2026-01-05,CUST-047,PROD-068,Beauty,1,4839.99,0.2,Maya,Pending
ORD-10780,2026-02-19,CUST-193,PROD-053,Home,4,3657.4,0.05,Maya,Cancelled
ORD-10781,2026-01-07,CUST-188,PROD-045,Beauty,1,357.36,0.15,Debit Card,Pending
ORD-10782,2026-03-10,CUST-078,PROD-061,Home,4,3449.2,0.15,Debit Card,Completed
ORD-10783,2026-02-25,CUST-038,PROD-068,Electronics,3,4643.39,0.15,Debit Card,Completed
ORD-10784,2026-03-29,CUST-247,PROD-068,Electronics,1,4596.79,0.1,Debit Card,Cancelled
ORD-10785,2026-02-04,CUST-236,PROD-084,Beauty,3,1408.73,0.0,Credit Card,Cancelled
ORD-10786,2026-03-28,CUST-101,PROD-060,Home,5,3875.44,0.2,Credit Card,Completed
ORD-10787,2026-01-02,CUST-081,PROD-071,Electronics,1,158.61,0.0,Bank Transfer,Completed
ORD-10788,2026-02-14,CUST-176,PROD-058,Home,3,1334.29,0.0,GCash,Cancelled
ORD-10789,2026-03-18,CUST-024,PROD-008,Home,5,3226.61,0.0,GCash,Cancelled
ORD-10790,2026-03-26,CUST-034,PROD-049,Fashion,2,4490.41,0.05,Credit Card,Completed
ORD-10791,2026-01-10,CUST-120,PROD-085,Sports,3,3869.86,0.1,Credit Card,Completed
ORD-10792,2026-02-05,CUST-200,PROD-010,Electronics,4,2004.09,0.0,Credit Card,Completed
ORD-10793,2026-01-09,CUST-046,PROD-057,Sports,2,3090.48,0.05,Debit Card,Completed
ORD-10794,2026-02-25,CUST-037,PROD-070,Home,5,3252.36,0.15,Credit Card,Completed
ORD-10795,2026-01-10,CUST-009,PROD-010,Fashion,3,3908.46,0.0,Debit Card,Completed
ORD-10796,2026-01-01,CUST-168,PROD-082,Electronics,4,1405.54,0.1,Debit Card,Cancelled
ORD-10797,2026-03-04,CUST-001,PROD-066,Sports,4,2079.17,0.0,Bank Transfer,Completed
ORD-10798,2026-03-30,CUST-001,PROD-050,Sports,1,2879.5,0.1,Credit Card,Completed
ORD-10799,2026-03-22,CUST-103,PROD-008,Electronics,3,2719.67,0.1,GCash,Pending
ORD-10800,2026-02-07,CUST-195,PROD-099,Home,2,2816.93,0.15,Maya,Completed
ORD-10801,2026-01-14,CUST-179,PROD-050,Beauty,4,515.83,0.15,Maya,Completed
ORD-10802,2026-01-04,CUST-010,PROD-025,Fashion,2,2497.24,0.0,Bank Transfer,Completed
ORD-10803,2026-02-27,CUST-128,PROD-069,electronics,1,1762.5,0.1,GCash,Pending
ORD-10804,2026-03-25,CUST-031,PROD-028,Fashion,4,4706.44,0.2,Maya,Cancelled
ORD-10805,2026-01-05,CUST-060,PROD-010,Home,4,3303.77,0.15,Bank Transfer,Completed
ORD-10806,2026-03-25,CUST-063,PROD-090,Home,1,944.02,0.0,Credit Card,Completed
ORD-10807,2026-01-22,CUST-117,PROD-079,Fashion,1,4107.22,0.0,GCash,Pending
ORD-10808,2026-01-29,CUST-153,PROD-079,Electronics,2,2188.44,0.15,Credit Card,Completed
ORD-10809,2026-03-15,CUST-250,PROD-088,Fashion,2,1675.79,0.05,GCash,Cancelled
ORD-10810,2026-01-09,CUST-045,PROD-043,Electronics,3,792.06,0.15,Maya,Completed
ORD-10811,2026-02-26,,PROD-022,Home,5,299.42,0.0,Bank Transfer,Pending
ORD-10812,2026-01-03,CUST-200,PROD-021,Sports,1,131.11,0.05,GCash,Cancelled
ORD-10813,2026-02-23,CUST-228,PROD-037,Sports,2,1110.19,0.1,Bank Transfer,Pending
ORD-10814,2026-01-23,CUST-106,PROD-031,Fashion,1,3021.73,0.15,Bank Transfer,Completed
ORD-10815,2026-02-14,CUST-161,PROD-039,Sports,1,2832.78,0.05,GCash,Cancelled
ORD-10816,2026-02-16,CUST-025,PROD-080,Fashion,5,1174.45,0.05,Credit Card,Completed
ORD-10817,2026-01-20,CUST-050,PROD-015,Sports,4,963.99,0.0,GCash,Completed
ORD-10818,2026-02-25,CUST-073,PROD-027,Beauty,3,3122.41,0.15,GCash,Completed
ORD-10819,2026-03-10,CUST-190,PROD-007,Home,2,3948.91,0.15,Bank Transfer,Completed
ORD-10820,2026-02-26,CUST-019,PROD-031,Fashion,5,1697.26,0.05,Credit Card,Completed
ORD-10821,2026-02-11,CUST-200,PROD-015,Home,1,1261.88,0.15,Maya,Pending
ORD-10822,2026-01-10,CUST-229,PROD-029,Sports,5,2473.6,0.15,Maya,Completed
ORD-10823,2026-02-28,CUST-238,PROD-079,Home,4,1930.08,0.15,Maya,Completed
ORD-10824,2026-01-26,CUST-250,PROD-035,Beauty,2,257.26,0.2,GCash,Completed
ORD-10825,2026-03-01,CUST-035,PROD-015,Sports,4,938.89,0.1,Maya,Completed
ORD-10826,2026-03-23,CUST-155,PROD-021,Fashion,2,2932.8,0.2,Maya,Completed
ORD-10827,2026-03-04,CUST-106,PROD-067,Home,5,2420.1,0.15,Credit Card,Completed
ORD-10828,2026-02-01,CUST-187,PROD-055,Home,3,2227.82,0.05,Bank Transfer,Completed
ORD-10829,2026-01-01,CUST-234,PROD-074,Sports,1,296.29,0.15,Bank Transfer,Completed
ORD-10830,2026-02-20,CUST-109,PROD-068,Sports,1,2316.96,0.05,GCash,Cancelled
ORD-10831,2026-03-30,CUST-193,PROD-002,Sports,2,750.29,0.1,Maya,Completed
ORD-10832,2026-03-27,CUST-005,PROD-062,Beauty,2,3546.19,0.2,Bank Transfer,Completed
ORD-10833,2026-03-01,CUST-250,PROD-059,Home,4,1006.23,0.1,Debit Card,Completed
ORD-10834,2026-01-10,CUST-221,PROD-081,Sports,3,2701.51,0.1,Debit Card,Completed
ORD-10835,2026-03-11,CUST-179,PROD-079,Fashion,2,3959.69,0.0,Bank Transfer,Completed
ORD-10836,2026-03-07,CUST-189,PROD-008,Beauty,1,643.74,0.1,Debit Card,Cancelled
ORD-10837,2026-02-16,CUST-011,PROD-047,Home,5,3553.88,0.2,Maya,Completed
ORD-10838,2026-03-11,CUST-086,PROD-031,Electronics,4,3713.16,0.2,Maya,Completed
ORD-10839,2026-02-04,CUST-083,PROD-046,Fashion,4,1458.01,0.0,Credit Card,Completed
ORD-10840,2026-03-06,CUST-116,PROD-063,Fashion,1,2403.8,0.2,Bank Transfer,Completed
ORD-10841,2026-02-17,CUST-116,PROD-080,Electronics,2,4470.33,0.15,GCash,Completed
ORD-10842,2026-02-06,CUST-101,PROD-023,Electronics,1,907.35,0.0,Maya,Pending
ORD-10843,2026-03-08,CUST-039,PROD-027,Electronics,3,2141.03,0.2,Maya,Pending
ORD-10844,2026-02-26,CUST-089,PROD-054,Electronics,3,1026.4,0.0,Maya,Cancelled
ORD-10845,2026-02-22,CUST-166,PROD-043,Fashion,3,3313.23,0.1,Debit Card,Cancelled
ORD-10846,2026-03-09,CUST-171,PROD-090,Fashion,4,2344.23,0.2,Maya,Completed
ORD-10847,2026-01-30,CUST-044,PROD-034,Sports,3,4856.55,0.0,Maya,Completed
ORD-10848,2026-01-22,CUST-073,PROD-059,Fashion,2,3587.88,0.1,Maya,Completed
ORD-10849,2026-03-30,CUST-215,PROD-091,Home,2,1265.74,0.0,Credit Card,Cancelled
ORD-10850,2026-02-03,CUST-033,PROD-057,Beauty,2,1105.26,0.0,Credit Card,Completed
ORD-10851,2026-02-27,CUST-038,PROD-048,Fashion,2,2714.85,0.0,GCash,Pending
ORD-10852,2026-01-19,CUST-239,PROD-064,Sports,3,864.66,0.2,Bank Transfer,Completed
ORD-10853,2026-02-07,CUST-166,PROD-091,Sports,3,4851.07,0.2,Maya,Cancelled
ORD-10854,2026-02-13,CUST-187,PROD-057,Electronics,4,4510.85,0.05,Bank Transfer,Completed
ORD-10855,2026-02-21,CUST-079,PROD-004,Fashion,2,2285.27,0.0,Credit Card,Completed
ORD-10856,2026-01-25,CUST-156,PROD-083,Fashion,5,1188.5,0.1,Maya,Completed
ORD-10857,2026-02-27,CUST-022,PROD-069,Electronics,5,2032.68,0.15,Credit Card,Cancelled
ORD-10858,2026-01-08,CUST-155,PROD-066,Beauty,4,824.94,0.15,Credit Card,Pending
ORD-10859,2026-02-06,,PROD-002,Beauty,3,1609.62,0.15,Bank Transfer,Completed
ORD-10860,2026-02-26,CUST-056,PROD-094,Sports,4,1514.31,0.15,Debit Card,Completed
ORD-10861,2026-03-18,CUST-214,PROD-076,Electronics,2,1118.14,0.15,Bank Transfer,Completed
ORD-10862,2026-02-18,CUST-017,PROD-076,Electronics,1,2106.36,0.1,Debit Card,Completed
ORD-10863,2026-03-14,CUST-143,PROD-060,Home,2,1011.43,0.15,Credit Card,Cancelled
ORD-10864,2026-02-08,CUST-126,PROD-006,Fashion,3,2521.09,0.15,Maya,Completed
ORD-10865,2026-01-20,CUST-203,PROD-001,Beauty,3,4784.53,0.15,GCash,Completed
ORD-10866,2026-03-04,CUST-107,PROD-023,Home,1,684.84,0.1,Debit Card,Completed
ORD-10867,2026-02-16,CUST-154,PROD-096,Fashion,4,2871.32,0.1,Debit Card,Completed
ORD-10868,2026-03-15,CUST-096,PROD-066,Electronics,3,897.95,0.0,Maya,Completed
ORD-10869,2026-01-18,CUST-119,PROD-089,Beauty,2,359.15,0.1,Debit Card,Completed
ORD-10870,2026-02-07,CUST-013,PROD-038,Fashion,1,2617.95,0.05,GCash,Cancelled
ORD-10871,2026-03-11,CUST-193,PROD-022,Beauty,3,4151.43,0.1,Credit Card,Completed
ORD-10872,2026-03-16,CUST-025,PROD-069,Beauty,2,163.2,0.2,Credit Card,Completed
ORD-10873,2026-02-22,CUST-200,PROD-063,Beauty,2,601.85,0.05,Bank Transfer,Completed
ORD-10874,2026-03-13,CUST-213,PROD-025,Fashion,5,4245.74,0.2,GCash,Pending
ORD-10875,2026-01-15,CUST-118,PROD-010,Home,1,2449.64,0.1,Credit Card,Completed
ORD-10876,2026-03-18,CUST-210,PROD-057,Fashion,3,943.82,0.1,GCash,Completed
ORD-10877,2026-03-30,CUST-057,PROD-017,Home,2,1606.4,0.05,Maya,Completed
ORD-10878,2026-01-15,CUST-109,PROD-089,Electronics,1,3895.99,0.15,GCash,Completed
ORD-10879,2026-03-26,CUST-028,PROD-005,Fashion,5,390.4,0.0,Credit Card,Completed
ORD-10880,2026-03-27,CUST-017,PROD-039,Electronics,1,3933.62,0.2,Maya,Cancelled
ORD-10881,2026-01-24,CUST-231,PROD-026,Beauty,1,544.82,0.1,Bank Transfer,Completed
ORD-10882,2026-03-06,CUST-091,PROD-021,Fashion,2,2574.06,0.0,GCash,Cancelled
ORD-10883,2026-03-09,CUST-196,PROD-002,Home,2,4824.89,0.05,Bank Transfer,Completed
ORD-10884,2026-01-13,CUST-250,PROD-093,Home,5,4271.35,0.15,Credit Card,Cancelled
ORD-10885,2026-03-28,CUST-048,PROD-057,Electronics,2,4190.24,0.15,Debit Card,Completed
ORD-10886,2026-02-22,CUST-132,PROD-030,Electronics,3,705.72,0.0,Bank Transfer,Completed
ORD-10887,2026-02-16,CUST-127,PROD-098,Beauty,5,3638.47,0.0,Credit Card,Pending
ORD-10888,2026-02-06,CUST-030,PROD-050,Sports,5,3707.25,0.15,Maya,Cancelled
ORD-10889,2026-02-24,CUST-105,PROD-038,Home,1,4484.3,0.15,Credit Card,Completed
ORD-10890,2026-03-04,CUST-004,PROD-087,Electronics,4,2246.49,0.0,GCash,Completed
ORD-10891,2026-03-30,CUST-102,PROD-052,Fashion,1,3733.02,0.05,GCash,Completed
ORD-10892,2026-02-13,CUST-250,PROD-026,Home,5,4235.74,0.15,GCash,Completed
ORD-10893,2026-03-05,CUST-215,PROD-055,Beauty,5,3008.88,0.15,Credit Card,Pending
ORD-10894,2026-02-21,CUST-171,PROD-078,Sports,5,1466.56,0.15,GCash,Completed
ORD-10895,2026-03-05,CUST-065,PROD-063,Home,2,245.65,0.0,GCash,Pending
ORD-10896,2026-01-23,CUST-174,PROD-004,Sports,5,3428.1,0.05,Credit Card,Cancelled
ORD-10897,2026-01-10,CUST-160,PROD-013,Fashion,4,3984.38,0.05,Credit Card,Pending
ORD-10898,2026-02-03,CUST-126,PROD-065,Fashion,3,4066.46,0.2,Bank Transfer,Completed
ORD-10899,2026-01-05,CUST-244,PROD-098,Sports,1,1979.79,0.1,Debit Card,Pending
ORD-10900,2026-01-05,CUST-118,PROD-005,Home,5,3331.11,0.1,Maya,Pending
ORD-10901,2026-02-09,CUST-111,PROD-018,Sports,4,3843.65,0.2,Debit Card,Cancelled
ORD-10902,2026-03-15,CUST-176,PROD-070,Sports,4,2855.05,0.05,Bank Transfer,Completed
ORD-10903,2026-03-05,CUST-101,PROD-034,Fashion,4,3123.0,0.1,Credit Card,Completed
ORD-10904,2026-03-17,CUST-016,PROD-004,Electronics,2,4200.98,0.1,Bank Transfer,Completed
ORD-10905,2026-02-13,CUST-196,PROD-081,Sports,1,2197.93,0.1,Debit Card,Completed
ORD-10906,2026-02-01,CUST-015,PROD-085,Home,2,3275.61,0.2,GCash,Completed
ORD-10907,2026-01-15,CUST-223,PROD-040,Beauty,2,196.59,0.1,GCash,Pending
ORD-10908,2026-03-14,CUST-169,PROD-055,Fashion,4,1406.43,0.15,Bank Transfer,Completed
ORD-10909,2026-03-15,CUST-082,PROD-049,Sports,3,2905.44,0.15,GCash,Completed
ORD-10910,2026-03-06,CUST-087,PROD-064,Beauty,2,3112.66,0.1,Debit Card,Completed
ORD-10911,2026-01-10,CUST-128,PROD-082,Fashion,2,1508.04,0.0,Credit Card,Cancelled
ORD-10912,2026-03-21,CUST-103,PROD-029,Electronics,5,564.19,0.1,Credit Card,Completed
ORD-10913,2026-03-02,CUST-146,PROD-068,Sports,2,1801.85,0.0,Credit Card,Cancelled
ORD-10914,2026-02-25,CUST-206,PROD-039,Fashion,3,1080.38,0.15,Credit Card,Cancelled
ORD-10915,2026-03-27,CUST-132,PROD-059,Fashion,2,4416.39,0.2,Maya,Cancelled
ORD-10916,2026-03-26,CUST-128,PROD-028,Sports,3,4692.1,0.2,Bank Transfer,Pending
ORD-10917,2026-03-22,CUST-240,PROD-073,Electronics,5,1083.18,0.15,Maya,Completed
ORD-10918,2026-03-29,CUST-039,PROD-096,Beauty,4,2110.28,0.0,Maya,Pending
ORD-10919,2026-03-24,CUST-069,PROD-037,Home,3,3465.59,0.05,Debit Card,Completed
ORD-10920,2026-01-25,CUST-030,PROD-020,Electronics,2,4005.52,0.1,Debit Card,Pending
ORD-10921,2026-02-24,CUST-144,PROD-056,Electronics,2,880.86,0.05,GCash,Completed
ORD-10922,2026-03-26,CUST-203,PROD-036,Fashion,2,3257.04,0.0,Debit Card,Completed
ORD-10923,2026-02-10,CUST-015,PROD-011,Fashion,3,4349.14,0.15,Credit Card,Completed
ORD-10924,2026-01-18,CUST-102,PROD-093,Home,1,,0.2,GCash,Cancelled
ORD-10925,2026-03-09,CUST-171,PROD-075,Beauty,4,4434.37,0.05,Bank Transfer,Completed
ORD-10926,2026-02-12,CUST-198,PROD-041,Fashion,4,4048.62,0.05,Debit Card,Completed
ORD-10927,2026-01-23,CUST-037,PROD-014,Home,3,2253.43,0.1,Bank Transfer,Completed
ORD-10928,2026-02-17,CUST-126,PROD-069,Electronics,3,2774.15,0.15,Maya,Completed
ORD-10929,2026-02-16,CUST-226,PROD-019,Sports,3,4124.69,0.0,Bank Transfer,Completed
ORD-10930,2026-03-26,CUST-216,PROD-095,Electronics,2,1339.62,0.15,Credit Card,Completed
ORD-10931,2026-01-16,CUST-232,PROD-088,Fashion,2,4302.47,0.15,GCash,Pending
ORD-10932,2026-02-08,CUST-238,PROD-033,Electronics,2,1557.37,0.05,Debit Card,Completed
ORD-10933,2026-03-24,CUST-226,PROD-099,Sports,1,1442.78,0.0,Debit Card,Pending
ORD-10934,2026-02-12,CUST-189,PROD-053,Sports,1,4139.56,0.1,Bank Transfer,Completed
ORD-10935,2026-03-19,CUST-091,PROD-054,Fashion,3,2320.98,0.0,GCash,Completed
ORD-10936,2026-03-24,CUST-162,PROD-057,Home,1,2063.24,0.1,Credit Card,Cancelled
ORD-10937,2026-01-21,CUST-022,PROD-015,Home,5,3596.46,0.05,Bank Transfer,Pending
ORD-10938,2026-02-27,,PROD-041,Sports,0,1377.33,0.2,Credit Card,Completed
ORD-10939,2026-02-23,CUST-051,PROD-011,Beauty,2,2028.12,0.15,Bank Transfer,Completed
ORD-10940,2026-03-13,CUST-006,PROD-003,Fashion,2,4543.54,0.15,Maya,Completed
ORD-10941,2026-01-07,CUST-180,PROD-022,Sports,5,2201.63,0.1,Maya,Completed
ORD-10942,2026-01-22,CUST-246,PROD-048,Fashion,1,169.16,0.2,Debit Card,Pending
ORD-10943,2026-03-05,CUST-212,PROD-087,Electronics,2,3596.46,0.05,Credit Card,Completed
ORD-10944,2026-02-18,CUST-192,PROD-064,Home,4,4296.05,0.2,Maya,Completed
ORD-10945,2026-01-25,CUST-187,PROD-087,Sports,2,2101.77,0.05,GCash,Completed
ORD-10946,2026-01-31,CUST-250,PROD-034,Fashion,4,4545.91,0.1,Bank Transfer,Pending
ORD-10947,2026-03-02,CUST-022,PROD-002,Home,3,4874.56,0.15,Maya,Pending
ORD-10948,2026-03-18,CUST-182,PROD-055,Beauty,1,566.87,0.0,GCash,Completed
ORD-10949,2026-03-02,CUST-239,PROD-031,Beauty,5,4702.68,0.2,GCash,Completed
ORD-10950,2026-03-21,CUST-065,PROD-065,Sports,3,4889.87,0.1,Maya,Cancelled
ORD-10951,2026-01-23,CUST-011,PROD-075,Beauty,2,2568.36,0.1,Debit Card,Completed
ORD-10952,2026-03-09,CUST-023,PROD-041,Sports,2,1375.99,0.1,GCash,Completed
ORD-10953,2026-02-16,CUST-128,PROD-036,Sports,3,4523.68,0.1,Bank Transfer,Completed
ORD-10954,2026-02-25,CUST-133,PROD-041,Home,3,3710.66,0.15,Maya,Cancelled
ORD-10955,2026-03-23,CUST-219,PROD-085,Sports,1,1025.71,0.0,Maya,Completed
ORD-10956,2026-02-03,CUST-010,PROD-061,Home,4,2238.51,0.15,GCash,Pending
ORD-10957,2026-03-13,CUST-092,PROD-091,Sports,4,2515.64,0.05,GCash,Completed
ORD-10958,2026-02-06,CUST-024,PROD-027,Home,2,3774.69,0.1,Bank Transfer,Cancelled
ORD-10959,2026-01-01,CUST-055,PROD-075,Fashion,5,984.79,0.0,Maya,Pending
ORD-10960,2026-02-12,CUST-174,PROD-013,Electronics,3,3438.43,0.0,Debit Card,Completed
ORD-10961,2026-02-11,CUST-152,PROD-014,Home,1,497.21,0.15,Debit Card,Completed
ORD-10962,2026-01-01,CUST-153,PROD-085,Beauty,1,3315.25,0.15,Credit Card,Cancelled
ORD-10963,2026-01-07,CUST-034,PROD-028,Beauty,3,4010.92,0.0,Bank Transfer,Cancelled
ORD-10964,2026-02-21,CUST-098,PROD-012,Beauty,2,1276.39,0.15,GCash,Completed
ORD-10965,2026-01-21,CUST-219,PROD-027,Sports,4,1496.19,0.05,GCash,Completed
ORD-10966,2026-02-09,CUST-126,PROD-056,Fashion,2,1859.32,0.0,Credit Card,Cancelled
ORD-10967,2026-02-27,CUST-052,PROD-063,Sports,4,1415.55,0.2,Debit Card,Completed
ORD-10968,2026-02-17,CUST-194,PROD-055,Fashion,2,2227.12,0.15,GCash,Completed
ORD-10969,2026-03-01,CUST-132,PROD-044,Home,2,4660.27,0.2,Bank Transfer,Completed
ORD-10970,2026-02-25,CUST-075,PROD-060,Electronics,4,1571.93,0.05,Credit Card,Completed
ORD-10971,2026-02-07,CUST-134,PROD-055,Fashion,1,2799.87,0.0,Bank Transfer,Completed
ORD-10972,2026-02-22,CUST-131,PROD-055,Electronics,4,3338.19,0.2,Credit Card,Completed
ORD-10973,2026-01-11,,PROD-075,Fashion,1,658.28,0.15,Maya,Completed
ORD-10974,2026-01-06,CUST-216,PROD-051,Electronics,4,4396.1,0.1,Credit Card,Cancelled
ORD-10975,2026-03-27,CUST-186,PROD-059,Sports,5,4058.39,0.1,Maya,Completed
ORD-10976,2026-03-19,CUST-048,PROD-011,Beauty,1,2225.61,0.0,GCash,Pending
ORD-10977,2026-01-22,CUST-030,PROD-002,Sports,4,3489.85,0.2,Debit Card,Completed
ORD-10978,2026-02-16,CUST-159,PROD-079,Sports,3,529.41,0.05,GCash,Completed
ORD-10979,2026-03-31,CUST-029,PROD-003,Home,1,1125.22,0.05,Maya,Pending
ORD-10980,2026-03-10,CUST-216,PROD-081,Home,1,1574.5,0.15,Maya,Pending
ORD-10981,2026-01-15,CUST-109,PROD-003,Home,2,3720.03,0.15,Debit Card,Pending
ORD-10982,2026-03-16,CUST-006,PROD-058,Home,2,1544.67,0.15,GCash,Completed
ORD-10983,2026-03-22,CUST-003,PROD-014,Sports,0,4258.22,0.2,Bank Transfer,Cancelled
ORD-10984,2026-03-04,CUST-075,PROD-005,Sports,4,2615.44,0.2,Debit Card,Completed
ORD-10985,2026-03-09,CUST-183,PROD-008,Electronics,4,2924.38,0.2,GCash,Completed
ORD-10986,2026-02-23,CUST-229,PROD-083,Sports,1,2524.47,0.1,Debit Card,Pending
ORD-10987,2026-02-06,CUST-006,PROD-021,Home,4,1784.85,0.05,Bank Transfer,Completed
ORD-10988,2026-02-13,CUST-151,PROD-088,Fashion,4,742.68,0.1,Debit Card,Pending
ORD-10989,2026-03-25,CUST-214,PROD-087,Beauty,4,4018.8,0.05,Bank Transfer,Completed
ORD-10990,2026-01-12,CUST-073,PROD-089,Sports,2,949.13,0.05,Bank Transfer,Pending
ORD-10991,2026-03-05,CUST-026,PROD-054,Beauty,2,1126.22,0.0,GCash,Completed
ORD-10992,2026-02-15,CUST-226,PROD-034,Home,2,4156.95,0.2,GCash,Completed
ORD-10993,2026-01-15,CUST-087,PROD-056,Fashion,2,691.37,0.05,Debit Card,Completed
ORD-10994,2026-01-06,CUST-088,PROD-046,Fashion,3,4491.96,0.2,Bank Transfer,Completed
ORD-10995,2026-02-26,CUST-181,PROD-007,Sports,1,4875.83,0.2,Bank Transfer,Completed
ORD-10996,2026-01-06,CUST-211,PROD-072,Fashion,1,918.53,0.0,Maya,Completed
ORD-10997,2026-02-07,CUST-041,PROD-094,Sports,5,2542.12,0.0,Maya,Completed
ORD-10998,2026-01-16,CUST-086,PROD-018,Home,4,4851.22,0.0,Maya,Pending
ORD-10999,2026-03-06,CUST-088,PROD-037,Home,1,1403.48,0.15,Credit Card,Completed
ORD-10521,2026-03-16,,PROD-062,Fashion,4,3403.79,0.2,Credit Card,Pending
ORD-10737,2026-02-26,,PROD-012,Fashion,1,4015.22,0.2,Maya,Completed
ORD-10740,2026-03-29,,PROD-006,Fashion,1,1733.12,0.0,GCash,Cancelled
ORD-10660,2026-03-26,,PROD-068,Home,5,3164.09,0.05,Bank Transfer,Cancelled
ORD-10411,2026-02-18,,PROD-004,Sports,2,1834.32,0.05,Credit Card,Completed
ORD-10678,2026-02-04,,PROD-010,Sports,3,3455.22,0.2,GCash,Completed
ORD-10626,2026-03-31,,PROD-018,Fashion,2,2995.07,0.15,Bank Transfer,Pending
ORD-10513,2026-01-25,,PROD-059,Beauty,1,3810.03,0.0,Bank Transfer,Completed
ORD-10859,2026-02-06,,PROD-002,Beauty,3,1609.62,0.15,Bank Transfer,Completed
ORD-10136,2026-01-19,,PROD-010,Home,4,4839.62,0.2,Credit Card,Completed
